date,day_of_week,hour_slot,visitor_count,avg_dwell_minutes,conversion_rate_pct,temperature_c,precipitation_mm,is_holiday
2023-01-02,Monday,07:00-09:00,45,19.0,60.6,28.9,3.3,No
2023-01-02,Monday,09:00-11:00,91,12.8,48.2,28.9,3.3,No
2023-01-02,Monday,11:00-13:00,155,16.9,59.4,28.9,3.3,No
2023-01-02,Monday,13:00-15:00,83,23.2,69.8,28.9,3.3,No
2023-01-02,Monday,15:00-17:00,101,10.4,68.1,28.9,3.3,No
2023-01-02,Monday,17:00-19:00,51,18.1,49.0,28.9,3.3,No
2023-01-03,Tuesday,07:00-09:00,30,14.0,56.6,15.9,7.2,No
2023-01-03,Tuesday,09:00-11:00,51,14.8,52.4,15.9,7.2,No
2023-01-03,Tuesday,11:00-13:00,76,14.0,50.8,15.9,7.2,No
2023-01-03,Tuesday,13:00-15:00,41,11.1,75.9,15.9,7.2,No
2023-01-03,Tuesday,15:00-17:00,59,6.8,61.3,15.9,7.2,No
2023-01-03,Tuesday,17:00-19:00,19,14.4,65.7,15.9,7.2,No
2023-01-04,Wednesday,07:00-09:00,25,18.3,71.3,16.4,5.1,No
2023-01-04,Wednesday,09:00-11:00,84,13.4,58.3,16.4,5.1,No
2023-01-04,Wednesday,11:00-13:00,73,12.7,62.1,16.4,5.1,No
2023-01-04,Wednesday,13:00-15:00,70,14.5,57.6,16.4,5.1,No
2023-01-04,Wednesday,15:00-17:00,55,14.6,57.9,16.4,5.1,No
2023-01-04,Wednesday,17:00-19:00,60,14.9,60.8,16.4,5.1,No
2023-01-05,Thursday,07:00-09:00,63,17.0,59.1,14.1,0,No
2023-01-05,Thursday,09:00-11:00,82,9.7,69.6,14.1,0,No
2023-01-05,Thursday,11:00-13:00,101,5.8,58.1,14.1,0,No
2023-01-05,Thursday,13:00-15:00,58,14.4,70.6,14.1,0,No
2023-01-05,Thursday,15:00-17:00,119,14.5,78.1,14.1,0,No
2023-01-05,Thursday,17:00-19:00,47,11.0,79.8,14.1,0,No
2023-01-06,Friday,07:00-09:00,50,12.2,55.5,15.3,0,No
2023-01-06,Friday,09:00-11:00,100,16.2,51.4,15.3,0,No
2023-01-06,Friday,11:00-13:00,119,10.9,74.2,15.3,0,No
2023-01-06,Friday,13:00-15:00,84,7.5,62.7,15.3,0,No
2023-01-06,Friday,15:00-17:00,95,12.4,46.2,15.3,0,No
2023-01-06,Friday,17:00-19:00,68,15.9,64.8,15.3,0,No
2023-01-07,Saturday,07:00-09:00,43,17.1,55.2,14.8,3.5,No
2023-01-07,Saturday,09:00-11:00,106,11.7,49.2,14.8,3.5,No
2023-01-07,Saturday,11:00-13:00,126,12.0,51.3,14.8,3.5,No
2023-01-07,Saturday,13:00-15:00,92,16.7,62.1,14.8,3.5,No
2023-01-07,Saturday,15:00-17:00,91,18.9,66.7,14.8,3.5,No
2023-01-07,Saturday,17:00-19:00,72,12.4,48.7,14.8,3.5,No
2023-01-08,Sunday,07:00-09:00,54,11.7,70.1,12.5,0.3,No
2023-01-08,Sunday,09:00-11:00,116,15.5,58.9,12.5,0.3,No
2023-01-08,Sunday,11:00-13:00,162,18.8,59.0,12.5,0.3,No
2023-01-08,Sunday,13:00-15:00,104,17.3,65.9,12.5,0.3,No
2023-01-08,Sunday,15:00-17:00,98,16.4,67.3,12.5,0.3,No
2023-01-08,Sunday,17:00-19:00,64,14.9,62.2,12.5,0.3,No
2023-01-09,Monday,07:00-09:00,43,15.7,55.9,4.7,0.0,No
2023-01-09,Monday,09:00-11:00,88,14.8,59.9,4.7,0.0,No
2023-01-09,Monday,11:00-13:00,84,10.3,73.9,4.7,0.0,No
2023-01-09,Monday,13:00-15:00,91,16.5,71.1,4.7,0.0,No
2023-01-09,Monday,15:00-17:00,93,14.4,64.7,4.7,0.0,No
2023-01-09,Monday,17:00-19:00,29,16.2,53.7,4.7,0.0,No
2023-01-10,Tuesday,07:00-09:00,53,11.6,60.7,15.9,4.7,No
2023-01-10,Tuesday,09:00-11:00,105,10.9,67.7,15.9,4.7,No
2023-01-10,Tuesday,11:00-13:00,99,16.7,67.8,15.9,4.7,No
2023-01-10,Tuesday,13:00-15:00,42,14.9,66.7,15.9,4.7,No
2023-01-10,Tuesday,15:00-17:00,70,13.1,67.8,15.9,4.7,No
2023-01-10,Tuesday,17:00-19:00,46,11.1,63.8,15.9,4.7,No
2023-01-11,Wednesday,07:00-09:00,50,16.3,77.0,5.0,0,No
2023-01-11,Wednesday,09:00-11:00,53,11.8,65.3,5.0,0,No
2023-01-11,Wednesday,11:00-13:00,89,16.8,59.4,5.0,0,No
2023-01-11,Wednesday,13:00-15:00,63,12.8,61.1,5.0,0,No
2023-01-11,Wednesday,15:00-17:00,90,12.1,55.3,5.0,0,No
2023-01-11,Wednesday,17:00-19:00,62,10.6,49.3,5.0,0,No
2023-01-12,Thursday,07:00-09:00,55,14.2,45.8,11.3,0,No
2023-01-12,Thursday,09:00-11:00,121,13.0,58.2,11.3,0,No
2023-01-12,Thursday,11:00-13:00,115,13.3,64.1,11.3,0,No
2023-01-12,Thursday,13:00-15:00,77,10.4,62.3,11.3,0,No
2023-01-12,Thursday,15:00-17:00,74,14.3,59.9,11.3,0,No
2023-01-12,Thursday,17:00-19:00,45,13.8,68.9,11.3,0,No
2023-01-13,Friday,07:00-09:00,55,13.5,56.6,24.3,1.4,No
2023-01-13,Friday,09:00-11:00,111,16.6,58.4,24.3,1.4,No
2023-01-13,Friday,11:00-13:00,141,6.0,53.5,24.3,1.4,No
2023-01-13,Friday,13:00-15:00,74,17.3,73.3,24.3,1.4,No
2023-01-13,Friday,15:00-17:00,51,14.5,45.0,24.3,1.4,No
2023-01-13,Friday,17:00-19:00,52,11.2,55.5,24.3,1.4,No
2023-01-14,Saturday,07:00-09:00,60,18.1,66.6,16.0,3.2,No
2023-01-14,Saturday,09:00-11:00,128,20.3,73.3,16.0,3.2,No
2023-01-14,Saturday,11:00-13:00,117,14.1,72.2,16.0,3.2,No
2023-01-14,Saturday,13:00-15:00,86,12.1,63.0,16.0,3.2,No
2023-01-14,Saturday,15:00-17:00,99,11.8,58.8,16.0,3.2,No
2023-01-14,Saturday,17:00-19:00,74,12.4,76.8,16.0,3.2,No
2023-01-15,Sunday,07:00-09:00,52,11.7,68.6,15.0,0,No
2023-01-15,Sunday,09:00-11:00,183,20.8,62.4,15.0,0,No
2023-01-15,Sunday,11:00-13:00,174,22.2,62.2,15.0,0,No
2023-01-15,Sunday,13:00-15:00,114,17.0,66.0,15.0,0,No
2023-01-15,Sunday,15:00-17:00,104,25.0,67.6,15.0,0,No
2023-01-15,Sunday,17:00-19:00,84,15.7,60.4,15.0,0,No
2023-01-16,Monday,07:00-09:00,50,15.6,50.8,14.1,2.9,Yes
2023-01-16,Monday,09:00-11:00,127,13.3,73.6,14.1,2.9,Yes
2023-01-16,Monday,11:00-13:00,149,15.1,55.7,14.1,2.9,Yes
2023-01-16,Monday,13:00-15:00,87,29.7,51.2,14.1,2.9,Yes
2023-01-16,Monday,15:00-17:00,132,10.1,73.0,14.1,2.9,Yes
2023-01-16,Monday,17:00-19:00,90,15.0,55.8,14.1,2.9,Yes
2023-01-17,Tuesday,07:00-09:00,38,12.4,67.1,18.9,0,No
2023-01-17,Tuesday,09:00-11:00,104,14.4,75.7,18.9,0,No
2023-01-17,Tuesday,11:00-13:00,116,14.5,64.1,18.9,0,No
2023-01-17,Tuesday,13:00-15:00,88,9.3,68.6,18.9,0,No
2023-01-17,Tuesday,15:00-17:00,95,13.3,57.7,18.9,0,No
2023-01-17,Tuesday,17:00-19:00,76,13.2,44.0,18.9,0,No
2023-01-18,Wednesday,07:00-09:00,48,15.4,58.4,24.0,0,No
2023-01-18,Wednesday,09:00-11:00,110,10.3,64.7,24.0,0,No
2023-01-18,Wednesday,11:00-13:00,122,19.4,69.1,24.0,0,No
2023-01-18,Wednesday,13:00-15:00,86,12.3,65.8,24.0,0,No
2023-01-18,Wednesday,15:00-17:00,86,12.7,40.5,24.0,0,No
2023-01-18,Wednesday,17:00-19:00,60,11.4,51.7,24.0,0,No
2023-01-19,Thursday,07:00-09:00,33,13.0,69.8,10.8,0,No
2023-01-19,Thursday,09:00-11:00,99,20.3,68.9,10.8,0,No
2023-01-19,Thursday,11:00-13:00,93,24.9,59.3,10.8,0,No
2023-01-19,Thursday,13:00-15:00,60,14.0,70.5,10.8,0,No
2023-01-19,Thursday,15:00-17:00,64,11.9,70.3,10.8,0,No
2023-01-19,Thursday,17:00-19:00,49,9.9,61.4,10.8,0,No
2023-01-20,Friday,07:00-09:00,38,10.5,50.2,2.5,3.4,No
2023-01-20,Friday,09:00-11:00,56,20.5,63.3,2.5,3.4,No
2023-01-20,Friday,11:00-13:00,52,15.6,63.3,2.5,3.4,No
2023-01-20,Friday,13:00-15:00,52,8.6,68.3,2.5,3.4,No
2023-01-20,Friday,15:00-17:00,54,19.9,62.4,2.5,3.4,No
2023-01-20,Friday,17:00-19:00,32,15.3,55.2,2.5,3.4,No
2023-01-21,Saturday,07:00-09:00,72,15.6,68.2,27.7,0,No
2023-01-21,Saturday,09:00-11:00,141,12.0,54.4,27.7,0,No
2023-01-21,Saturday,11:00-13:00,194,14.5,73.6,27.7,0,No
2023-01-21,Saturday,13:00-15:00,112,10.1,64.0,27.7,0,No
2023-01-21,Saturday,15:00-17:00,114,8.5,61.0,27.7,0,No
2023-01-21,Saturday,17:00-19:00,79,16.1,51.8,27.7,0,No
2023-01-22,Sunday,07:00-09:00,52,7.6,65.7,7.5,0,No
2023-01-22,Sunday,09:00-11:00,123,16.7,75.7,7.5,0,No
2023-01-22,Sunday,11:00-13:00,140,11.6,71.0,7.5,0,No
2023-01-22,Sunday,13:00-15:00,94,15.8,66.7,7.5,0,No
2023-01-22,Sunday,15:00-17:00,120,7.4,58.7,7.5,0,No
2023-01-22,Sunday,17:00-19:00,71,14.3,57.5,7.5,0,No
2023-01-23,Monday,07:00-09:00,51,10.2,53.3,11.5,2.9,No
2023-01-23,Monday,09:00-11:00,87,18.3,63.1,11.5,2.9,No
2023-01-23,Monday,11:00-13:00,99,17.3,65.8,11.5,2.9,No
2023-01-23,Monday,13:00-15:00,51,13.1,65.2,11.5,2.9,No
2023-01-23,Monday,15:00-17:00,80,10.5,53.9,11.5,2.9,No
2023-01-23,Monday,17:00-19:00,55,8.3,55.8,11.5,2.9,No
2023-01-24,Tuesday,07:00-09:00,36,16.8,59.0,17.2,2.0,No
2023-01-24,Tuesday,09:00-11:00,51,20.7,53.0,17.2,2.0,No
2023-01-24,Tuesday,11:00-13:00,109,15.4,72.4,17.2,2.0,No
2023-01-24,Tuesday,13:00-15:00,71,11.0,59.9,17.2,2.0,No
2023-01-24,Tuesday,15:00-17:00,61,7.3,70.3,17.2,2.0,No
2023-01-24,Tuesday,17:00-19:00,63,11.4,55.1,17.2,2.0,No
2023-01-25,Wednesday,07:00-09:00,38,9.5,53.2,10.6,2.9,No
2023-01-25,Wednesday,09:00-11:00,87,8.8,55.6,10.6,2.9,No
2023-01-25,Wednesday,11:00-13:00,132,10.3,60.0,10.6,2.9,No
2023-01-25,Wednesday,13:00-15:00,48,18.8,53.4,10.6,2.9,No
2023-01-25,Wednesday,15:00-17:00,59,16.6,72.8,10.6,2.9,No
2023-01-25,Wednesday,17:00-19:00,43,11.1,69.0,10.6,2.9,No
2023-01-26,Thursday,07:00-09:00,49,19.9,69.9,19.7,1.6,No
2023-01-26,Thursday,09:00-11:00,102,15.1,66.1,19.7,1.6,No
2023-01-26,Thursday,11:00-13:00,78,14.3,70.7,19.7,1.6,No
2023-01-26,Thursday,13:00-15:00,67,14.5,72.2,19.7,1.6,No
2023-01-26,Thursday,15:00-17:00,96,14.0,61.2,19.7,1.6,No
2023-01-26,Thursday,17:00-19:00,71,17.6,76.1,19.7,1.6,No
2023-01-27,Friday,07:00-09:00,35,15.7,63.5,0.5,1.8,No
2023-01-27,Friday,09:00-11:00,95,1.3,64.2,0.5,1.8,No
2023-01-27,Friday,11:00-13:00,99,7.3,63.3,0.5,1.8,No
2023-01-27,Friday,13:00-15:00,42,20.2,52.5,0.5,1.8,No
2023-01-27,Friday,15:00-17:00,80,10.1,64.0,0.5,1.8,No
2023-01-27,Friday,17:00-19:00,47,20.8,57.3,0.5,1.8,No
2023-01-28,Saturday,07:00-09:00,84,12.9,49.8,28.1,0.4,No
2023-01-28,Saturday,09:00-11:00,121,18.1,68.1,28.1,0.4,No
2023-01-28,Saturday,11:00-13:00,161,13.9,66.0,28.1,0.4,No
2023-01-28,Saturday,13:00-15:00,115,9.8,71.9,28.1,0.4,No
2023-01-28,Saturday,15:00-17:00,119,7.5,45.8,28.1,0.4,No
2023-01-28,Saturday,17:00-19:00,86,16.2,68.3,28.1,0.4,No
2023-01-29,Sunday,07:00-09:00,70,24.1,62.1,16.7,0.1,No
2023-01-29,Sunday,09:00-11:00,127,16.3,54.2,16.7,0.1,No
2023-01-29,Sunday,11:00-13:00,155,16.4,60.7,16.7,0.1,No
2023-01-29,Sunday,13:00-15:00,120,9.1,67.7,16.7,0.1,No
2023-01-29,Sunday,15:00-17:00,115,20.7,48.2,16.7,0.1,No
2023-01-29,Sunday,17:00-19:00,75,16.7,68.5,16.7,0.1,No
2023-01-30,Monday,07:00-09:00,63,12.6,54.1,29.9,0,No
2023-01-30,Monday,09:00-11:00,72,7.6,66.8,29.9,0,No
2023-01-30,Monday,11:00-13:00,127,9.3,68.6,29.9,0,No
2023-01-30,Monday,13:00-15:00,88,8.4,70.0,29.9,0,No
2023-01-30,Monday,15:00-17:00,82,15.6,79.6,29.9,0,No
2023-01-30,Monday,17:00-19:00,71,17.0,70.5,29.9,0,No
2023-01-31,Tuesday,07:00-09:00,61,6.2,70.2,37.2,0.4,No
2023-01-31,Tuesday,09:00-11:00,110,18.7,53.8,37.2,0.4,No
2023-01-31,Tuesday,11:00-13:00,160,9.4,59.1,37.2,0.4,No
2023-01-31,Tuesday,13:00-15:00,98,18.0,46.8,37.2,0.4,No
2023-01-31,Tuesday,15:00-17:00,94,12.6,52.5,37.2,0.4,No
2023-01-31,Tuesday,17:00-19:00,77,18.3,54.7,37.2,0.4,No
2023-02-01,Wednesday,07:00-09:00,36,20.0,53.8,8.6,0,No
2023-02-01,Wednesday,09:00-11:00,66,15.2,59.7,8.6,0,No
2023-02-01,Wednesday,11:00-13:00,89,13.1,58.8,8.6,0,No
2023-02-01,Wednesday,13:00-15:00,43,9.1,60.7,8.6,0,No
2023-02-01,Wednesday,15:00-17:00,82,18.7,59.2,8.6,0,No
2023-02-01,Wednesday,17:00-19:00,62,13.4,60.7,8.6,0,No
2023-02-02,Thursday,07:00-09:00,49,21.5,59.2,22.7,0,No
2023-02-02,Thursday,09:00-11:00,117,7.5,61.6,22.7,0,No
2023-02-02,Thursday,11:00-13:00,132,11.4,57.9,22.7,0,No
2023-02-02,Thursday,13:00-15:00,78,14.4,43.0,22.7,0,No
2023-02-02,Thursday,15:00-17:00,72,15.7,69.3,22.7,0,No
2023-02-02,Thursday,17:00-19:00,62,14.6,75.2,22.7,0,No
2023-02-03,Friday,07:00-09:00,53,11.7,65.3,4.0,0,No
2023-02-03,Friday,09:00-11:00,74,12.2,73.3,4.0,0,No
2023-02-03,Friday,11:00-13:00,113,9.2,67.0,4.0,0,No
2023-02-03,Friday,13:00-15:00,75,13.9,58.2,4.0,0,No
2023-02-03,Friday,15:00-17:00,65,13.7,63.6,4.0,0,No
2023-02-03,Friday,17:00-19:00,40,16.5,68.7,4.0,0,No
2023-02-04,Saturday,07:00-09:00,51,15.0,62.7,12.0,2.9,No
2023-02-04,Saturday,09:00-11:00,116,12.2,54.7,12.0,2.9,No
2023-02-04,Saturday,11:00-13:00,102,11.5,69.4,12.0,2.9,No
2023-02-04,Saturday,13:00-15:00,73,5.2,41.7,12.0,2.9,No
2023-02-04,Saturday,15:00-17:00,84,5.0,61.0,12.0,2.9,No
2023-02-04,Saturday,17:00-19:00,56,16.5,70.1,12.0,2.9,No
2023-02-05,Sunday,07:00-09:00,62,13.0,49.9,6.2,2.4,No
2023-02-05,Sunday,09:00-11:00,100,13.0,62.6,6.2,2.4,No
2023-02-05,Sunday,11:00-13:00,142,18.3,65.5,6.2,2.4,No
2023-02-05,Sunday,13:00-15:00,78,15.2,58.9,6.2,2.4,No
2023-02-05,Sunday,15:00-17:00,85,16.4,58.0,6.2,2.4,No
2023-02-05,Sunday,17:00-19:00,63,12.7,69.3,6.2,2.4,No
2023-02-06,Monday,07:00-09:00,50,19.5,45.4,14.5,2.9,No
2023-02-06,Monday,09:00-11:00,101,12.9,68.1,14.5,2.9,No
2023-02-06,Monday,11:00-13:00,115,20.0,72.1,14.5,2.9,No
2023-02-06,Monday,13:00-15:00,65,15.1,63.0,14.5,2.9,No
2023-02-06,Monday,15:00-17:00,62,14.4,55.1,14.5,2.9,No
2023-02-06,Monday,17:00-19:00,53,8.6,72.6,14.5,2.9,No
2023-02-07,Tuesday,07:00-09:00,55,18.4,62.9,17.1,0.2,No
2023-02-07,Tuesday,09:00-11:00,71,17.8,72.4,17.1,0.2,No
2023-02-07,Tuesday,11:00-13:00,140,17.0,56.4,17.1,0.2,No
2023-02-07,Tuesday,13:00-15:00,65,16.9,57.7,17.1,0.2,No
2023-02-07,Tuesday,15:00-17:00,105,15.7,56.0,17.1,0.2,No
2023-02-07,Tuesday,17:00-19:00,61,16.0,64.5,17.1,0.2,No
2023-02-08,Wednesday,07:00-09:00,47,10.6,55.0,26.1,2.9,No
2023-02-08,Wednesday,09:00-11:00,75,22.6,72.2,26.1,2.9,No
2023-02-08,Wednesday,11:00-13:00,82,12.3,71.4,26.1,2.9,No
2023-02-08,Wednesday,13:00-15:00,69,14.0,52.5,26.1,2.9,No
2023-02-08,Wednesday,15:00-17:00,104,14.7,41.9,26.1,2.9,No
2023-02-08,Wednesday,17:00-19:00,52,13.6,67.4,26.1,2.9,No
2023-02-09,Thursday,07:00-09:00,47,13.2,55.1,22.3,0,No
2023-02-09,Thursday,09:00-11:00,98,10.1,57.1,22.3,0,No
2023-02-09,Thursday,11:00-13:00,140,12.5,62.7,22.3,0,No
2023-02-09,Thursday,13:00-15:00,81,10.1,60.6,22.3,0,No
2023-02-09,Thursday,15:00-17:00,123,20.0,55.7,22.3,0,No
2023-02-09,Thursday,17:00-19:00,59,16.8,74.5,22.3,0,No
2023-02-10,Friday,07:00-09:00,32,12.7,66.9,26.2,10.1,No
2023-02-10,Friday,09:00-11:00,65,13.2,55.4,26.2,10.1,No
2023-02-10,Friday,11:00-13:00,92,15.3,66.8,26.2,10.1,No
2023-02-10,Friday,13:00-15:00,46,22.0,55.8,26.2,10.1,No
2023-02-10,Friday,15:00-17:00,70,14.9,57.2,26.2,10.1,No
2023-02-10,Friday,17:00-19:00,37,9.3,61.5,26.2,10.1,No
2023-02-11,Saturday,07:00-09:00,60,18.6,63.8,21.0,1.0,No
2023-02-11,Saturday,09:00-11:00,131,8.1,48.8,21.0,1.0,No
2023-02-11,Saturday,11:00-13:00,183,14.6,58.8,21.0,1.0,No
2023-02-11,Saturday,13:00-15:00,98,14.5,50.4,21.0,1.0,No
2023-02-11,Saturday,15:00-17:00,128,17.7,47.4,21.0,1.0,No
2023-02-11,Saturday,17:00-19:00,85,7.0,62.0,21.0,1.0,No
2023-02-12,Sunday,07:00-09:00,56,16.6,81.5,21.2,5.9,No
2023-02-12,Sunday,09:00-11:00,94,12.9,61.2,21.2,5.9,No
2023-02-12,Sunday,11:00-13:00,149,4.6,53.6,21.2,5.9,No
2023-02-12,Sunday,13:00-15:00,70,14.7,64.4,21.2,5.9,No
2023-02-12,Sunday,15:00-17:00,104,12.5,61.9,21.2,5.9,No
2023-02-12,Sunday,17:00-19:00,79,21.7,61.9,21.2,5.9,No
2023-02-13,Monday,07:00-09:00,30,16.3,59.0,18.6,9.5,No
2023-02-13,Monday,09:00-11:00,62,19.2,68.6,18.6,9.5,No
2023-02-13,Monday,11:00-13:00,93,8.4,78.4,18.6,9.5,No
2023-02-13,Monday,13:00-15:00,49,15.2,71.2,18.6,9.5,No
2023-02-13,Monday,15:00-17:00,66,6.1,72.7,18.6,9.5,No
2023-02-13,Monday,17:00-19:00,34,20.2,60.4,18.6,9.5,No
2023-02-14,Tuesday,07:00-09:00,30,16.5,68.9,13.3,7.8,No
2023-02-14,Tuesday,09:00-11:00,61,15.8,59.8,13.3,7.8,No
2023-02-14,Tuesday,11:00-13:00,103,11.4,63.1,13.3,7.8,No
2023-02-14,Tuesday,13:00-15:00,50,16.4,71.0,13.3,7.8,No
2023-02-14,Tuesday,15:00-17:00,52,9.6,59.4,13.3,7.8,No
2023-02-14,Tuesday,17:00-19:00,42,18.1,53.9,13.3,7.8,No
2023-02-15,Wednesday,07:00-09:00,43,10.0,77.3,-1.4,0,No
2023-02-15,Wednesday,09:00-11:00,110,10.1,69.6,-1.4,0,No
2023-02-15,Wednesday,11:00-13:00,68,19.0,70.7,-1.4,0,No
2023-02-15,Wednesday,13:00-15:00,28,16.7,67.4,-1.4,0,No
2023-02-15,Wednesday,15:00-17:00,71,14.5,61.4,-1.4,0,No
2023-02-15,Wednesday,17:00-19:00,32,11.3,50.6,-1.4,0,No
2023-02-16,Thursday,07:00-09:00,23,8.9,66.0,20.3,8.9,No
2023-02-16,Thursday,09:00-11:00,111,15.1,61.6,20.3,8.9,No
2023-02-16,Thursday,11:00-13:00,51,14.3,61.2,20.3,8.9,No
2023-02-16,Thursday,13:00-15:00,51,19.7,60.9,20.3,8.9,No
2023-02-16,Thursday,15:00-17:00,68,16.1,57.1,20.3,8.9,No
2023-02-16,Thursday,17:00-19:00,41,16.3,74.3,20.3,8.9,No
2023-02-17,Friday,07:00-09:00,49,18.8,61.9,9.9,0,No
2023-02-17,Friday,09:00-11:00,81,21.2,55.6,9.9,0,No
2023-02-17,Friday,11:00-13:00,133,9.6,59.6,9.9,0,No
2023-02-17,Friday,13:00-15:00,94,24.5,65.1,9.9,0,No
2023-02-17,Friday,15:00-17:00,71,9.0,55.0,9.9,0,No
2023-02-17,Friday,17:00-19:00,36,18.2,62.1,9.9,0,No
2023-02-18,Saturday,07:00-09:00,64,11.2,66.6,9.6,0,No
2023-02-18,Saturday,09:00-11:00,107,17.5,68.7,9.6,0,No
2023-02-18,Saturday,11:00-13:00,124,14.1,74.3,9.6,0,No
2023-02-18,Saturday,13:00-15:00,99,22.6,67.2,9.6,0,No
2023-02-18,Saturday,15:00-17:00,95,13.3,56.4,9.6,0,No
2023-02-18,Saturday,17:00-19:00,79,19.3,52.1,9.6,0,No
2023-02-19,Sunday,07:00-09:00,55,4.7,66.6,20.7,1.8,No
2023-02-19,Sunday,09:00-11:00,120,13.3,64.5,20.7,1.8,No
2023-02-19,Sunday,11:00-13:00,150,13.3,60.4,20.7,1.8,No
2023-02-19,Sunday,13:00-15:00,98,16.7,44.1,20.7,1.8,No
2023-02-19,Sunday,15:00-17:00,117,11.5,42.1,20.7,1.8,No
2023-02-19,Sunday,17:00-19:00,80,17.7,49.1,20.7,1.8,No
2023-02-20,Monday,07:00-09:00,72,16.4,58.7,9.2,1.6,Yes
2023-02-20,Monday,09:00-11:00,128,12.1,63.4,9.2,1.6,Yes
2023-02-20,Monday,11:00-13:00,196,12.6,49.9,9.2,1.6,Yes
2023-02-20,Monday,13:00-15:00,115,11.6,48.9,9.2,1.6,Yes
2023-02-20,Monday,15:00-17:00,135,16.7,72.3,9.2,1.6,Yes
2023-02-20,Monday,17:00-19:00,81,12.3,63.5,9.2,1.6,Yes
2023-02-21,Tuesday,07:00-09:00,48,10.7,55.9,17.5,2.4,No
2023-02-21,Tuesday,09:00-11:00,76,18.6,51.4,17.5,2.4,No
2023-02-21,Tuesday,11:00-13:00,92,10.9,53.8,17.5,2.4,No
2023-02-21,Tuesday,13:00-15:00,71,12.7,59.5,17.5,2.4,No
2023-02-21,Tuesday,15:00-17:00,65,9.1,71.5,17.5,2.4,No
2023-02-21,Tuesday,17:00-19:00,55,12.4,60.0,17.5,2.4,No
2023-02-22,Wednesday,07:00-09:00,35,9.8,65.4,27.6,2.5,No
2023-02-22,Wednesday,09:00-11:00,92,10.3,61.6,27.6,2.5,No
2023-02-22,Wednesday,11:00-13:00,90,14.6,63.7,27.6,2.5,No
2023-02-22,Wednesday,13:00-15:00,81,16.0,63.1,27.6,2.5,No
2023-02-22,Wednesday,15:00-17:00,71,11.6,57.6,27.6,2.5,No
2023-02-22,Wednesday,17:00-19:00,51,9.7,57.0,27.6,2.5,No
2023-02-23,Thursday,07:00-09:00,34,12.0,71.5,20.5,5.6,No
2023-02-23,Thursday,09:00-11:00,75,12.8,58.3,20.5,5.6,No
2023-02-23,Thursday,11:00-13:00,99,21.4,59.5,20.5,5.6,No
2023-02-23,Thursday,13:00-15:00,60,7.9,80.2,20.5,5.6,No
2023-02-23,Thursday,15:00-17:00,64,11.9,66.7,20.5,5.6,No
2023-02-23,Thursday,17:00-19:00,51,7.9,63.9,20.5,5.6,No
2023-02-24,Friday,07:00-09:00,42,9.9,58.5,3.0,3.2,No
2023-02-24,Friday,09:00-11:00,83,13.1,65.3,3.0,3.2,No
2023-02-24,Friday,11:00-13:00,119,7.8,44.0,3.0,3.2,No
2023-02-24,Friday,13:00-15:00,56,10.0,52.6,3.0,3.2,No
2023-02-24,Friday,15:00-17:00,54,14.6,48.4,3.0,3.2,No
2023-02-24,Friday,17:00-19:00,46,16.9,48.7,3.0,3.2,No
2023-02-25,Saturday,07:00-09:00,49,13.6,69.5,9.2,4.8,No
2023-02-25,Saturday,09:00-11:00,98,11.9,60.5,9.2,4.8,No
2023-02-25,Saturday,11:00-13:00,92,16.1,68.4,9.2,4.8,No
2023-02-25,Saturday,13:00-15:00,69,16.6,61.2,9.2,4.8,No
2023-02-25,Saturday,15:00-17:00,84,16.7,61.6,9.2,4.8,No
2023-02-25,Saturday,17:00-19:00,65,15.7,57.1,9.2,4.8,No
2023-02-26,Sunday,07:00-09:00,54,15.8,64.1,16.7,4.3,No
2023-02-26,Sunday,09:00-11:00,101,9.3,48.2,16.7,4.3,No
2023-02-26,Sunday,11:00-13:00,125,16.3,54.6,16.7,4.3,No
2023-02-26,Sunday,13:00-15:00,87,12.3,65.5,16.7,4.3,No
2023-02-26,Sunday,15:00-17:00,71,12.8,55.9,16.7,4.3,No
2023-02-26,Sunday,17:00-19:00,59,13.5,58.1,16.7,4.3,No
2023-02-27,Monday,07:00-09:00,51,18.6,59.6,18.1,0.6,No
2023-02-27,Monday,09:00-11:00,81,8.9,66.9,18.1,0.6,No
2023-02-27,Monday,11:00-13:00,145,10.8,48.6,18.1,0.6,No
2023-02-27,Monday,13:00-15:00,61,13.4,66.4,18.1,0.6,No
2023-02-27,Monday,15:00-17:00,84,19.6,61.2,18.1,0.6,No
2023-02-27,Monday,17:00-19:00,63,8.7,61.4,18.1,0.6,No
2023-02-28,Tuesday,07:00-09:00,40,7.1,58.4,2.1,2.4,No
2023-02-28,Tuesday,09:00-11:00,67,7.7,72.7,2.1,2.4,No
2023-02-28,Tuesday,11:00-13:00,90,10.1,57.0,2.1,2.4,No
2023-02-28,Tuesday,13:00-15:00,56,12.9,52.5,2.1,2.4,No
2023-02-28,Tuesday,15:00-17:00,30,15.0,51.6,2.1,2.4,No
2023-02-28,Tuesday,17:00-19:00,47,9.4,51.2,2.1,2.4,No
2023-03-01,Wednesday,07:00-09:00,52,11.3,62.6,11.8,0,No
2023-03-01,Wednesday,09:00-11:00,102,10.5,65.5,11.8,0,No
2023-03-01,Wednesday,11:00-13:00,132,20.4,61.9,11.8,0,No
2023-03-01,Wednesday,13:00-15:00,76,14.0,55.3,11.8,0,No
2023-03-01,Wednesday,15:00-17:00,71,13.7,71.3,11.8,0,No
2023-03-01,Wednesday,17:00-19:00,59,11.7,69.5,11.8,0,No
2023-03-02,Thursday,07:00-09:00,31,14.0,70.5,8.0,3.6,No
2023-03-02,Thursday,09:00-11:00,77,13.8,65.2,8.0,3.6,No
2023-03-02,Thursday,11:00-13:00,105,12.1,51.9,8.0,3.6,No
2023-03-02,Thursday,13:00-15:00,58,16.8,65.0,8.0,3.6,No
2023-03-02,Thursday,15:00-17:00,67,16.0,55.6,8.0,3.6,No
2023-03-02,Thursday,17:00-19:00,55,11.0,72.4,8.0,3.6,No
2023-03-03,Friday,07:00-09:00,33,6.3,66.0,15.0,8.6,No
2023-03-03,Friday,09:00-11:00,84,19.1,74.0,15.0,8.6,No
2023-03-03,Friday,11:00-13:00,72,9.1,61.0,15.0,8.6,No
2023-03-03,Friday,13:00-15:00,70,13.3,69.2,15.0,8.6,No
2023-03-03,Friday,15:00-17:00,91,13.8,67.9,15.0,8.6,No
2023-03-03,Friday,17:00-19:00,23,19.8,62.9,15.0,8.6,No
2023-03-04,Saturday,07:00-09:00,76,11.8,61.1,34.6,1.3,No
2023-03-04,Saturday,09:00-11:00,134,14.5,72.6,34.6,1.3,No
2023-03-04,Saturday,11:00-13:00,156,12.5,64.9,34.6,1.3,No
2023-03-04,Saturday,13:00-15:00,102,20.6,69.9,34.6,1.3,No
2023-03-04,Saturday,15:00-17:00,97,18.1,54.5,34.6,1.3,No
2023-03-04,Saturday,17:00-19:00,93,14.6,60.4,34.6,1.3,No
2023-03-05,Sunday,07:00-09:00,45,20.2,50.3,25.5,8.2,No
2023-03-05,Sunday,09:00-11:00,100,12.3,66.5,25.5,8.2,No
2023-03-05,Sunday,11:00-13:00,93,17.0,63.0,25.5,8.2,No
2023-03-05,Sunday,13:00-15:00,58,12.4,72.1,25.5,8.2,No
2023-03-05,Sunday,15:00-17:00,85,13.6,76.1,25.5,8.2,No
2023-03-05,Sunday,17:00-19:00,82,19.2,61.6,25.5,8.2,No
2023-03-06,Monday,07:00-09:00,42,12.2,47.7,20.4,0,No
2023-03-06,Monday,09:00-11:00,126,17.6,65.1,20.4,0,No
2023-03-06,Monday,11:00-13:00,103,14.6,73.1,20.4,0,No
2023-03-06,Monday,13:00-15:00,73,13.2,66.6,20.4,0,No
2023-03-06,Monday,15:00-17:00,84,11.8,67.0,20.4,0,No
2023-03-06,Monday,17:00-19:00,48,16.6,62.9,20.4,0,No
2023-03-07,Tuesday,07:00-09:00,52,17.2,53.3,21.7,0,No
2023-03-07,Tuesday,09:00-11:00,97,13.6,62.9,21.7,0,No
2023-03-07,Tuesday,11:00-13:00,102,21.8,43.3,21.7,0,No
2023-03-07,Tuesday,13:00-15:00,102,16.9,68.0,21.7,0,No
2023-03-07,Tuesday,15:00-17:00,88,10.0,66.5,21.7,0,No
2023-03-07,Tuesday,17:00-19:00,57,16.4,57.0,21.7,0,No
2023-03-08,Wednesday,07:00-09:00,55,18.4,60.0,19.9,0,No
2023-03-08,Wednesday,09:00-11:00,109,13.1,53.3,19.9,0,No
2023-03-08,Wednesday,11:00-13:00,139,25.7,47.9,19.9,0,No
2023-03-08,Wednesday,13:00-15:00,84,11.6,58.3,19.9,0,No
2023-03-08,Wednesday,15:00-17:00,79,18.6,53.1,19.9,0,No
2023-03-08,Wednesday,17:00-19:00,61,15.7,62.9,19.9,0,No
2023-03-09,Thursday,07:00-09:00,33,20.3,64.1,4.1,0,No
2023-03-09,Thursday,09:00-11:00,69,17.5,48.1,4.1,0,No
2023-03-09,Thursday,11:00-13:00,92,15.3,55.7,4.1,0,No
2023-03-09,Thursday,13:00-15:00,56,9.6,69.8,4.1,0,No
2023-03-09,Thursday,15:00-17:00,73,12.3,61.2,4.1,0,No
2023-03-09,Thursday,17:00-19:00,48,15.8,58.9,4.1,0,No
2023-03-10,Friday,07:00-09:00,49,12.7,59.5,22.4,0,No
2023-03-10,Friday,09:00-11:00,66,17.5,57.5,22.4,0,No
2023-03-10,Friday,11:00-13:00,124,12.0,52.9,22.4,0,No
2023-03-10,Friday,13:00-15:00,94,7.0,61.6,22.4,0,No
2023-03-10,Friday,15:00-17:00,82,15.3,62.6,22.4,0,No
2023-03-10,Friday,17:00-19:00,64,19.6,63.9,22.4,0,No
2023-03-11,Saturday,07:00-09:00,56,17.4,62.8,11.0,0,No
2023-03-11,Saturday,09:00-11:00,126,14.0,74.6,11.0,0,No
2023-03-11,Saturday,11:00-13:00,169,18.5,53.3,11.0,0,No
2023-03-11,Saturday,13:00-15:00,98,19.1,67.8,11.0,0,No
2023-03-11,Saturday,15:00-17:00,105,9.8,55.6,11.0,0,No
2023-03-11,Saturday,17:00-19:00,76,18.0,75.0,11.0,0,No
2023-03-12,Sunday,07:00-09:00,69,18.6,67.9,11.1,0.4,No
2023-03-12,Sunday,09:00-11:00,141,17.2,62.4,11.1,0.4,No
2023-03-12,Sunday,11:00-13:00,136,14.9,58.3,11.1,0.4,No
2023-03-12,Sunday,13:00-15:00,68,9.8,60.3,11.1,0.4,No
2023-03-12,Sunday,15:00-17:00,126,15.7,50.3,11.1,0.4,No
2023-03-12,Sunday,17:00-19:00,71,13.0,58.9,11.1,0.4,No
2023-03-13,Monday,07:00-09:00,43,13.3,58.1,11.8,0,No
2023-03-13,Monday,09:00-11:00,99,14.0,79.5,11.8,0,No
2023-03-13,Monday,11:00-13:00,113,14.7,63.3,11.8,0,No
2023-03-13,Monday,13:00-15:00,71,16.6,51.1,11.8,0,No
2023-03-13,Monday,15:00-17:00,114,17.9,74.5,11.8,0,No
2023-03-13,Monday,17:00-19:00,66,10.7,51.0,11.8,0,No
2023-03-14,Tuesday,07:00-09:00,48,10.8,54.2,24.2,3.3,No
2023-03-14,Tuesday,09:00-11:00,74,17.7,58.8,24.2,3.3,No
2023-03-14,Tuesday,11:00-13:00,98,15.3,67.6,24.2,3.3,No
2023-03-14,Tuesday,13:00-15:00,77,19.8,63.1,24.2,3.3,No
2023-03-14,Tuesday,15:00-17:00,90,14.2,64.2,24.2,3.3,No
2023-03-14,Tuesday,17:00-19:00,69,13.0,73.0,24.2,3.3,No
2023-03-15,Wednesday,07:00-09:00,34,17.6,37.6,31.0,4.3,No
2023-03-15,Wednesday,09:00-11:00,93,12.3,48.2,31.0,4.3,No
2023-03-15,Wednesday,11:00-13:00,136,11.6,62.0,31.0,4.3,No
2023-03-15,Wednesday,13:00-15:00,78,11.5,72.1,31.0,4.3,No
2023-03-15,Wednesday,15:00-17:00,58,19.9,62.6,31.0,4.3,No
2023-03-15,Wednesday,17:00-19:00,51,17.1,74.1,31.0,4.3,No
2023-03-16,Thursday,07:00-09:00,41,12.7,79.5,6.6,0,No
2023-03-16,Thursday,09:00-11:00,90,9.5,65.0,6.6,0,No
2023-03-16,Thursday,11:00-13:00,105,9.3,61.6,6.6,0,No
2023-03-16,Thursday,13:00-15:00,65,20.7,63.8,6.6,0,No
2023-03-16,Thursday,15:00-17:00,84,16.1,56.6,6.6,0,No
2023-03-16,Thursday,17:00-19:00,56,15.9,64.1,6.6,0,No
2023-03-17,Friday,07:00-09:00,32,18.0,63.0,9.6,2.0,No
2023-03-17,Friday,09:00-11:00,108,18.3,61.4,9.6,2.0,No
2023-03-17,Friday,11:00-13:00,108,12.5,56.2,9.6,2.0,No
2023-03-17,Friday,13:00-15:00,84,20.9,65.5,9.6,2.0,No
2023-03-17,Friday,15:00-17:00,50,17.7,62.0,9.6,2.0,No
2023-03-17,Friday,17:00-19:00,43,13.6,54.7,9.6,2.0,No
2023-03-18,Saturday,07:00-09:00,77,8.1,65.9,15.7,3.3,No
2023-03-18,Saturday,09:00-11:00,88,15.4,78.0,15.7,3.3,No
2023-03-18,Saturday,11:00-13:00,124,13.7,60.0,15.7,3.3,No
2023-03-18,Saturday,13:00-15:00,84,4.1,63.0,15.7,3.3,No
2023-03-18,Saturday,15:00-17:00,142,18.0,65.8,15.7,3.3,No
2023-03-18,Saturday,17:00-19:00,66,16.3,71.0,15.7,3.3,No
2023-03-19,Sunday,07:00-09:00,56,13.8,57.3,16.5,0,No
2023-03-19,Sunday,09:00-11:00,131,15.4,70.0,16.5,0,No
2023-03-19,Sunday,11:00-13:00,144,11.9,43.4,16.5,0,No
2023-03-19,Sunday,13:00-15:00,85,16.4,77.2,16.5,0,No
2023-03-19,Sunday,15:00-17:00,79,15.2,57.0,16.5,0,No
2023-03-19,Sunday,17:00-19:00,86,9.9,63.5,16.5,0,No
2023-03-20,Monday,07:00-09:00,55,22.2,48.5,8.4,0,No
2023-03-20,Monday,09:00-11:00,91,12.5,63.5,8.4,0,No
2023-03-20,Monday,11:00-13:00,122,12.1,52.1,8.4,0,No
2023-03-20,Monday,13:00-15:00,65,15.8,69.0,8.4,0,No
2023-03-20,Monday,15:00-17:00,74,17.1,53.5,8.4,0,No
2023-03-20,Monday,17:00-19:00,49,10.8,73.0,8.4,0,No
2023-03-21,Tuesday,07:00-09:00,47,14.2,61.0,21.0,10.4,No
2023-03-21,Tuesday,09:00-11:00,47,10.6,66.7,21.0,10.4,No
2023-03-21,Tuesday,11:00-13:00,51,18.0,56.9,21.0,10.4,No
2023-03-21,Tuesday,13:00-15:00,56,15.5,61.8,21.0,10.4,No
2023-03-21,Tuesday,15:00-17:00,89,5.7,75.2,21.0,10.4,No
2023-03-21,Tuesday,17:00-19:00,54,17.6,73.6,21.0,10.4,No
2023-03-22,Wednesday,07:00-09:00,52,10.3,59.1,28.2,0.2,No
2023-03-22,Wednesday,09:00-11:00,83,13.1,64.0,28.2,0.2,No
2023-03-22,Wednesday,11:00-13:00,113,16.8,62.2,28.2,0.2,No
2023-03-22,Wednesday,13:00-15:00,96,17.3,58.4,28.2,0.2,No
2023-03-22,Wednesday,15:00-17:00,92,13.1,59.7,28.2,0.2,No
2023-03-22,Wednesday,17:00-19:00,59,6.4,50.2,28.2,0.2,No
2023-03-23,Thursday,07:00-09:00,30,11.2,64.1,18.6,4.4,No
2023-03-23,Thursday,09:00-11:00,88,19.3,68.9,18.6,4.4,No
2023-03-23,Thursday,11:00-13:00,76,18.2,65.2,18.6,4.4,No
2023-03-23,Thursday,13:00-15:00,62,20.9,53.2,18.6,4.4,No
2023-03-23,Thursday,15:00-17:00,80,17.6,58.6,18.6,4.4,No
2023-03-23,Thursday,17:00-19:00,39,5.8,58.5,18.6,4.4,No
2023-03-24,Friday,07:00-09:00,42,4.9,64.6,3.8,0,No
2023-03-24,Friday,09:00-11:00,78,7.6,55.7,3.8,0,No
2023-03-24,Friday,11:00-13:00,109,11.1,65.3,3.8,0,No
2023-03-24,Friday,13:00-15:00,85,13.9,61.1,3.8,0,No
2023-03-24,Friday,15:00-17:00,83,18.1,73.3,3.8,0,No
2023-03-24,Friday,17:00-19:00,61,10.4,66.1,3.8,0,No
2023-03-25,Saturday,07:00-09:00,50,16.3,68.1,13.0,6.1,No
2023-03-25,Saturday,09:00-11:00,109,12.1,61.9,13.0,6.1,No
2023-03-25,Saturday,11:00-13:00,104,12.9,66.0,13.0,6.1,No
2023-03-25,Saturday,13:00-15:00,94,14.9,57.1,13.0,6.1,No
2023-03-25,Saturday,15:00-17:00,113,13.1,45.5,13.0,6.1,No
2023-03-25,Saturday,17:00-19:00,66,18.4,69.2,13.0,6.1,No
2023-03-26,Sunday,07:00-09:00,60,15.0,67.8,18.0,2.8,No
2023-03-26,Sunday,09:00-11:00,119,7.3,63.3,18.0,2.8,No
2023-03-26,Sunday,11:00-13:00,159,14.2,73.4,18.0,2.8,No
2023-03-26,Sunday,13:00-15:00,86,14.3,59.7,18.0,2.8,No
2023-03-26,Sunday,15:00-17:00,110,20.9,55.1,18.0,2.8,No
2023-03-26,Sunday,17:00-19:00,80,17.1,60.5,18.0,2.8,No
2023-03-27,Monday,07:00-09:00,30,11.8,59.0,1.6,2.6,No
2023-03-27,Monday,09:00-11:00,59,12.8,67.4,1.6,2.6,No
2023-03-27,Monday,11:00-13:00,76,17.1,45.3,1.6,2.6,No
2023-03-27,Monday,13:00-15:00,34,19.1,51.6,1.6,2.6,No
2023-03-27,Monday,15:00-17:00,94,14.2,49.6,1.6,2.6,No
2023-03-27,Monday,17:00-19:00,55,14.8,61.2,1.6,2.6,No
2023-03-28,Tuesday,07:00-09:00,53,12.0,62.1,22.0,5.4,No
2023-03-28,Tuesday,09:00-11:00,99,10.8,47.1,22.0,5.4,No
2023-03-28,Tuesday,11:00-13:00,70,13.5,73.4,22.0,5.4,No
2023-03-28,Tuesday,13:00-15:00,63,17.3,59.5,22.0,5.4,No
2023-03-28,Tuesday,15:00-17:00,52,7.9,74.8,22.0,5.4,No
2023-03-28,Tuesday,17:00-19:00,46,12.7,56.8,22.0,5.4,No
2023-03-29,Wednesday,07:00-09:00,38,10.4,79.7,1.9,2.6,No
2023-03-29,Wednesday,09:00-11:00,58,8.2,63.8,1.9,2.6,No
2023-03-29,Wednesday,11:00-13:00,86,12.3,53.8,1.9,2.6,No
2023-03-29,Wednesday,13:00-15:00,68,12.1,46.3,1.9,2.6,No
2023-03-29,Wednesday,15:00-17:00,83,9.1,61.6,1.9,2.6,No
2023-03-29,Wednesday,17:00-19:00,42,12.3,62.0,1.9,2.6,No
2023-03-30,Thursday,07:00-09:00,62,13.6,77.9,28.2,0,No
2023-03-30,Thursday,09:00-11:00,81,9.0,63.1,28.2,0,No
2023-03-30,Thursday,11:00-13:00,130,16.4,73.7,28.2,0,No
2023-03-30,Thursday,13:00-15:00,76,24.0,77.6,28.2,0,No
2023-03-30,Thursday,15:00-17:00,127,15.7,58.4,28.2,0,No
2023-03-30,Thursday,17:00-19:00,73,12.8,74.5,28.2,0,No
2023-03-31,Friday,07:00-09:00,37,8.8,72.0,5.1,0,No
2023-03-31,Friday,09:00-11:00,74,6.9,62.7,5.1,0,No
2023-03-31,Friday,11:00-13:00,97,16.5,45.9,5.1,0,No
2023-03-31,Friday,13:00-15:00,53,17.4,64.9,5.1,0,No
2023-03-31,Friday,15:00-17:00,96,10.5,60.2,5.1,0,No
2023-03-31,Friday,17:00-19:00,38,16.3,41.7,5.1,0,No
2023-04-01,Saturday,07:00-09:00,52,17.3,67.6,9.6,3.1,No
2023-04-01,Saturday,09:00-11:00,115,11.8,59.2,9.6,3.1,No
2023-04-01,Saturday,11:00-13:00,153,12.1,66.8,9.6,3.1,No
2023-04-01,Saturday,13:00-15:00,90,9.2,70.9,9.6,3.1,No
2023-04-01,Saturday,15:00-17:00,87,19.0,64.9,9.6,3.1,No
2023-04-01,Saturday,17:00-19:00,73,7.9,68.3,9.6,3.1,No
2023-04-02,Sunday,07:00-09:00,75,18.2,58.8,20.5,0,No
2023-04-02,Sunday,09:00-11:00,130,21.8,62.9,20.5,0,No
2023-04-02,Sunday,11:00-13:00,149,20.7,60.4,20.5,0,No
2023-04-02,Sunday,13:00-15:00,112,13.0,57.9,20.5,0,No
2023-04-02,Sunday,15:00-17:00,114,20.5,70.8,20.5,0,No
2023-04-02,Sunday,17:00-19:00,66,17.4,63.5,20.5,0,No
2023-04-03,Monday,07:00-09:00,36,21.7,51.9,2.8,1.9,No
2023-04-03,Monday,09:00-11:00,66,14.7,68.5,2.8,1.9,No
2023-04-03,Monday,11:00-13:00,100,13.7,63.7,2.8,1.9,No
2023-04-03,Monday,13:00-15:00,52,12.4,46.8,2.8,1.9,No
2023-04-03,Monday,15:00-17:00,77,12.9,60.4,2.8,1.9,No
2023-04-03,Monday,17:00-19:00,24,15.3,46.4,2.8,1.9,No
2023-04-04,Tuesday,07:00-09:00,53,5.9,62.9,14.0,0,No
2023-04-04,Tuesday,09:00-11:00,96,10.7,67.2,14.0,0,No
2023-04-04,Tuesday,11:00-13:00,96,14.6,59.6,14.0,0,No
2023-04-04,Tuesday,13:00-15:00,75,13.5,55.6,14.0,0,No
2023-04-04,Tuesday,15:00-17:00,103,11.1,58.5,14.0,0,No
2023-04-04,Tuesday,17:00-19:00,55,10.8,74.7,14.0,0,No
2023-04-05,Wednesday,07:00-09:00,52,12.6,56.1,16.8,1.0,No
2023-04-05,Wednesday,09:00-11:00,74,9.7,65.3,16.8,1.0,No
2023-04-05,Wednesday,11:00-13:00,123,12.3,63.8,16.8,1.0,No
2023-04-05,Wednesday,13:00-15:00,64,11.8,55.8,16.8,1.0,No
2023-04-05,Wednesday,15:00-17:00,86,12.5,65.5,16.8,1.0,No
2023-04-05,Wednesday,17:00-19:00,37,5.9,78.0,16.8,1.0,No
2023-04-06,Thursday,07:00-09:00,53,15.3,43.0,12.9,0,No
2023-04-06,Thursday,09:00-11:00,98,17.6,68.5,12.9,0,No
2023-04-06,Thursday,11:00-13:00,102,17.6,69.6,12.9,0,No
2023-04-06,Thursday,13:00-15:00,88,14.1,66.0,12.9,0,No
2023-04-06,Thursday,15:00-17:00,72,16.1,57.9,12.9,0,No
2023-04-06,Thursday,17:00-19:00,53,13.8,48.2,12.9,0,No
2023-04-07,Friday,07:00-09:00,57,16.4,65.3,26.9,1.7,No
2023-04-07,Friday,09:00-11:00,84,11.1,55.6,26.9,1.7,No
2023-04-07,Friday,11:00-13:00,130,14.1,70.3,26.9,1.7,No
2023-04-07,Friday,13:00-15:00,89,16.4,58.9,26.9,1.7,No
2023-04-07,Friday,15:00-17:00,51,7.9,49.8,26.9,1.7,No
2023-04-07,Friday,17:00-19:00,62,18.4,68.0,26.9,1.7,No
2023-04-08,Saturday,07:00-09:00,40,10.8,67.0,-11.7,13.9,No
2023-04-08,Saturday,09:00-11:00,95,12.2,46.5,-11.7,13.9,No
2023-04-08,Saturday,11:00-13:00,84,13.0,59.6,-11.7,13.9,No
2023-04-08,Saturday,13:00-15:00,54,16.9,49.2,-11.7,13.9,No
2023-04-08,Saturday,15:00-17:00,70,13.7,67.2,-11.7,13.9,No
2023-04-08,Saturday,17:00-19:00,41,16.4,51.5,-11.7,13.9,No
2023-04-09,Sunday,07:00-09:00,61,12.3,70.0,15.1,0,No
2023-04-09,Sunday,09:00-11:00,108,18.4,62.3,15.1,0,No
2023-04-09,Sunday,11:00-13:00,153,15.0,51.6,15.1,0,No
2023-04-09,Sunday,13:00-15:00,90,16.6,65.2,15.1,0,No
2023-04-09,Sunday,15:00-17:00,113,12.3,66.8,15.1,0,No
2023-04-09,Sunday,17:00-19:00,83,16.4,61.0,15.1,0,No
2023-04-10,Monday,07:00-09:00,50,15.2,78.3,26.6,1.2,No
2023-04-10,Monday,09:00-11:00,88,12.7,71.5,26.6,1.2,No
2023-04-10,Monday,11:00-13:00,137,17.6,55.2,26.6,1.2,No
2023-04-10,Monday,13:00-15:00,103,19.5,61.8,26.6,1.2,No
2023-04-10,Monday,15:00-17:00,67,13.6,60.7,26.6,1.2,No
2023-04-10,Monday,17:00-19:00,58,16.2,63.0,26.6,1.2,No
2023-04-11,Tuesday,07:00-09:00,55,17.8,56.6,18.4,0,No
2023-04-11,Tuesday,09:00-11:00,90,13.5,53.7,18.4,0,No
2023-04-11,Tuesday,11:00-13:00,104,13.0,59.2,18.4,0,No
2023-04-11,Tuesday,13:00-15:00,69,4.7,67.2,18.4,0,No
2023-04-11,Tuesday,15:00-17:00,71,5.5,65.4,18.4,0,No
2023-04-11,Tuesday,17:00-19:00,64,11.8,57.4,18.4,0,No
2023-04-12,Wednesday,07:00-09:00,41,9.0,56.3,7.3,0,No
2023-04-12,Wednesday,09:00-11:00,72,17.8,74.7,7.3,0,No
2023-04-12,Wednesday,11:00-13:00,92,20.4,47.1,7.3,0,No
2023-04-12,Wednesday,13:00-15:00,90,14.0,68.3,7.3,0,No
2023-04-12,Wednesday,15:00-17:00,56,12.8,56.0,7.3,0,No
2023-04-12,Wednesday,17:00-19:00,58,21.4,71.3,7.3,0,No
2023-04-13,Thursday,07:00-09:00,49,10.9,80.2,15.8,0,No
2023-04-13,Thursday,09:00-11:00,121,15.7,81.4,15.8,0,No
2023-04-13,Thursday,11:00-13:00,118,12.0,45.9,15.8,0,No
2023-04-13,Thursday,13:00-15:00,69,7.8,54.3,15.8,0,No
2023-04-13,Thursday,15:00-17:00,95,16.1,56.1,15.8,0,No
2023-04-13,Thursday,17:00-19:00,54,13.8,65.6,15.8,0,No
2023-04-14,Friday,07:00-09:00,44,11.5,66.2,21.7,3.0,No
2023-04-14,Friday,09:00-11:00,66,15.2,52.2,21.7,3.0,No
2023-04-14,Friday,11:00-13:00,124,11.3,56.8,21.7,3.0,No
2023-04-14,Friday,13:00-15:00,64,11.5,50.3,21.7,3.0,No
2023-04-14,Friday,15:00-17:00,75,12.1,56.2,21.7,3.0,No
2023-04-14,Friday,17:00-19:00,51,19.0,56.4,21.7,3.0,No
2023-04-15,Saturday,07:00-09:00,38,10.3,53.7,5.5,7.1,No
2023-04-15,Saturday,09:00-11:00,89,11.3,69.1,5.5,7.1,No
2023-04-15,Saturday,11:00-13:00,92,23.6,49.4,5.5,7.1,No
2023-04-15,Saturday,13:00-15:00,63,16.6,59.3,5.5,7.1,No
2023-04-15,Saturday,15:00-17:00,71,12.7,57.3,5.5,7.1,No
2023-04-15,Saturday,17:00-19:00,67,17.2,52.6,5.5,7.1,No
2023-04-16,Sunday,07:00-09:00,67,16.9,67.7,20.3,3.4,No
2023-04-16,Sunday,09:00-11:00,124,20.6,55.8,20.3,3.4,No
2023-04-16,Sunday,11:00-13:00,191,14.7,53.8,20.3,3.4,No
2023-04-16,Sunday,13:00-15:00,65,17.1,69.1,20.3,3.4,No
2023-04-16,Sunday,15:00-17:00,95,8.5,58.0,20.3,3.4,No
2023-04-16,Sunday,17:00-19:00,70,16.6,62.5,20.3,3.4,No
2023-04-17,Monday,07:00-09:00,35,16.2,47.6,15.5,1.6,No
2023-04-17,Monday,09:00-11:00,132,9.2,46.7,15.5,1.6,No
2023-04-17,Monday,11:00-13:00,156,13.9,61.1,15.5,1.6,No
2023-04-17,Monday,13:00-15:00,65,11.7,63.5,15.5,1.6,No
2023-04-17,Monday,15:00-17:00,101,11.1,66.1,15.5,1.6,No
2023-04-17,Monday,17:00-19:00,51,12.6,65.2,15.5,1.6,No
2023-04-18,Tuesday,07:00-09:00,36,14.1,69.1,13.4,3.0,No
2023-04-18,Tuesday,09:00-11:00,79,10.7,48.4,13.4,3.0,No
2023-04-18,Tuesday,11:00-13:00,123,7.6,59.7,13.4,3.0,No
2023-04-18,Tuesday,13:00-15:00,77,14.0,62.5,13.4,3.0,No
2023-04-18,Tuesday,15:00-17:00,63,11.1,78.3,13.4,3.0,No
2023-04-18,Tuesday,17:00-19:00,39,18.7,59.6,13.4,3.0,No
2023-04-19,Wednesday,07:00-09:00,66,9.1,62.8,29.7,0,No
2023-04-19,Wednesday,09:00-11:00,108,10.7,63.7,29.7,0,No
2023-04-19,Wednesday,11:00-13:00,146,16.3,60.6,29.7,0,No
2023-04-19,Wednesday,13:00-15:00,71,18.2,62.5,29.7,0,No
2023-04-19,Wednesday,15:00-17:00,101,18.6,68.6,29.7,0,No
2023-04-19,Wednesday,17:00-19:00,59,14.4,61.5,29.7,0,No
2023-04-20,Thursday,07:00-09:00,39,14.7,50.9,15.7,0,No
2023-04-20,Thursday,09:00-11:00,120,10.9,60.6,15.7,0,No
2023-04-20,Thursday,11:00-13:00,145,13.6,57.9,15.7,0,No
2023-04-20,Thursday,13:00-15:00,76,14.0,61.1,15.7,0,No
2023-04-20,Thursday,15:00-17:00,101,9.8,67.0,15.7,0,No
2023-04-20,Thursday,17:00-19:00,63,16.8,68.2,15.7,0,No
2023-04-21,Friday,07:00-09:00,31,5.6,84.1,14.0,2.9,No
2023-04-21,Friday,09:00-11:00,71,17.4,68.3,14.0,2.9,No
2023-04-21,Friday,11:00-13:00,71,14.2,71.3,14.0,2.9,No
2023-04-21,Friday,13:00-15:00,79,14.8,54.1,14.0,2.9,No
2023-04-21,Friday,15:00-17:00,70,7.5,63.9,14.0,2.9,No
2023-04-21,Friday,17:00-19:00,46,20.8,58.3,14.0,2.9,No
2023-04-22,Saturday,07:00-09:00,68,14.5,76.3,20.2,4.6,No
2023-04-22,Saturday,09:00-11:00,121,9.1,66.6,20.2,4.6,No
2023-04-22,Saturday,11:00-13:00,158,14.2,61.3,20.2,4.6,No
2023-04-22,Saturday,13:00-15:00,91,9.0,66.8,20.2,4.6,No
2023-04-22,Saturday,15:00-17:00,97,11.4,61.2,20.2,4.6,No
2023-04-22,Saturday,17:00-19:00,72,13.5,74.4,20.2,4.6,No
2023-04-23,Sunday,07:00-09:00,47,15.1,72.3,10.7,0,No
2023-04-23,Sunday,09:00-11:00,138,12.0,58.7,10.7,0,No
2023-04-23,Sunday,11:00-13:00,166,9.5,64.4,10.7,0,No
2023-04-23,Sunday,13:00-15:00,100,11.4,65.7,10.7,0,No
2023-04-23,Sunday,15:00-17:00,111,16.1,67.3,10.7,0,No
2023-04-23,Sunday,17:00-19:00,75,16.6,56.1,10.7,0,No
2023-04-24,Monday,07:00-09:00,45,13.6,59.5,2.7,1.0,No
2023-04-24,Monday,09:00-11:00,82,12.8,63.2,2.7,1.0,No
2023-04-24,Monday,11:00-13:00,112,16.4,73.8,2.7,1.0,No
2023-04-24,Monday,13:00-15:00,55,14.2,79.0,2.7,1.0,No
2023-04-24,Monday,15:00-17:00,71,14.1,58.2,2.7,1.0,No
2023-04-24,Monday,17:00-19:00,41,13.3,68.3,2.7,1.0,No
2023-04-25,Tuesday,07:00-09:00,44,18.7,60.0,8.3,0,No
2023-04-25,Tuesday,09:00-11:00,95,11.0,51.4,8.3,0,No
2023-04-25,Tuesday,11:00-13:00,109,11.9,52.7,8.3,0,No
2023-04-25,Tuesday,13:00-15:00,86,13.8,51.3,8.3,0,No
2023-04-25,Tuesday,15:00-17:00,70,12.2,60.3,8.3,0,No
2023-04-25,Tuesday,17:00-19:00,67,15.6,64.0,8.3,0,No
2023-04-26,Wednesday,07:00-09:00,64,16.7,73.0,7.5,0,No
2023-04-26,Wednesday,09:00-11:00,67,15.5,70.1,7.5,0,No
2023-04-26,Wednesday,11:00-13:00,145,19.5,57.0,7.5,0,No
2023-04-26,Wednesday,13:00-15:00,60,7.3,64.2,7.5,0,No
2023-04-26,Wednesday,15:00-17:00,69,13.5,67.8,7.5,0,No
2023-04-26,Wednesday,17:00-19:00,61,12.0,45.6,7.5,0,No
2023-04-27,Thursday,07:00-09:00,40,12.6,54.5,15.9,0,No
2023-04-27,Thursday,09:00-11:00,112,17.2,67.8,15.9,0,No
2023-04-27,Thursday,11:00-13:00,92,14.5,75.5,15.9,0,No
2023-04-27,Thursday,13:00-15:00,67,15.6,67.6,15.9,0,No
2023-04-27,Thursday,15:00-17:00,96,13.3,64.7,15.9,0,No
2023-04-27,Thursday,17:00-19:00,57,16.6,61.1,15.9,0,No
2023-04-28,Friday,07:00-09:00,39,13.0,69.6,18.7,0,No
2023-04-28,Friday,09:00-11:00,105,8.9,61.4,18.7,0,No
2023-04-28,Friday,11:00-13:00,98,17.5,62.2,18.7,0,No
2023-04-28,Friday,13:00-15:00,77,9.2,57.3,18.7,0,No
2023-04-28,Friday,15:00-17:00,119,14.5,52.6,18.7,0,No
2023-04-28,Friday,17:00-19:00,58,13.4,55.9,18.7,0,No
2023-04-29,Saturday,07:00-09:00,65,16.0,63.6,19.0,0,No
2023-04-29,Saturday,09:00-11:00,152,12.5,73.0,19.0,0,No
2023-04-29,Saturday,11:00-13:00,176,12.9,72.9,19.0,0,No
2023-04-29,Saturday,13:00-15:00,122,24.6,69.1,19.0,0,No
2023-04-29,Saturday,15:00-17:00,127,13.8,70.6,19.0,0,No
2023-04-29,Saturday,17:00-19:00,90,6.8,46.1,19.0,0,No
2023-04-30,Sunday,07:00-09:00,47,11.9,73.4,6.3,10.6,No
2023-04-30,Sunday,09:00-11:00,110,10.8,84.3,6.3,10.6,No
2023-04-30,Sunday,11:00-13:00,101,13.6,54.0,6.3,10.6,No
2023-04-30,Sunday,13:00-15:00,82,13.4,68.0,6.3,10.6,No
2023-04-30,Sunday,15:00-17:00,96,14.6,74.8,6.3,10.6,No
2023-04-30,Sunday,17:00-19:00,34,8.5,55.6,6.3,10.6,No
2023-05-01,Monday,07:00-09:00,43,19.6,57.7,7.7,0,No
2023-05-01,Monday,09:00-11:00,81,10.7,64.5,7.7,0,No
2023-05-01,Monday,11:00-13:00,115,19.4,67.0,7.7,0,No
2023-05-01,Monday,13:00-15:00,58,7.9,66.3,7.7,0,No
2023-05-01,Monday,15:00-17:00,70,14.9,52.7,7.7,0,No
2023-05-01,Monday,17:00-19:00,55,6.9,65.7,7.7,0,No
2023-05-02,Tuesday,07:00-09:00,42,13.1,60.6,19.7,6.6,No
2023-05-02,Tuesday,09:00-11:00,88,19.5,52.3,19.7,6.6,No
2023-05-02,Tuesday,11:00-13:00,86,11.6,67.2,19.7,6.6,No
2023-05-02,Tuesday,13:00-15:00,68,8.5,65.2,19.7,6.6,No
2023-05-02,Tuesday,15:00-17:00,47,17.7,70.7,19.7,6.6,No
2023-05-02,Tuesday,17:00-19:00,58,15.8,62.3,19.7,6.6,No
2023-05-03,Wednesday,07:00-09:00,55,14.6,65.9,12.1,3.3,No
2023-05-03,Wednesday,09:00-11:00,76,14.4,55.7,12.1,3.3,No
2023-05-03,Wednesday,11:00-13:00,122,12.0,62.3,12.1,3.3,No
2023-05-03,Wednesday,13:00-15:00,60,15.3,52.3,12.1,3.3,No
2023-05-03,Wednesday,15:00-17:00,82,6.9,65.8,12.1,3.3,No
2023-05-03,Wednesday,17:00-19:00,51,14.5,45.1,12.1,3.3,No
2023-05-04,Thursday,07:00-09:00,42,14.4,55.9,17.7,0,No
2023-05-04,Thursday,09:00-11:00,93,13.2,61.6,17.7,0,No
2023-05-04,Thursday,11:00-13:00,142,15.4,75.3,17.7,0,No
2023-05-04,Thursday,13:00-15:00,91,13.8,62.2,17.7,0,No
2023-05-04,Thursday,15:00-17:00,87,16.8,56.4,17.7,0,No
2023-05-04,Thursday,17:00-19:00,65,11.9,79.6,17.7,0,No
2023-05-05,Friday,07:00-09:00,41,5.6,37.5,10.1,0,No
2023-05-05,Friday,09:00-11:00,92,15.6,81.8,10.1,0,No
2023-05-05,Friday,11:00-13:00,108,15.6,58.2,10.1,0,No
2023-05-05,Friday,13:00-15:00,80,15.5,60.5,10.1,0,No
2023-05-05,Friday,15:00-17:00,88,14.6,55.5,10.1,0,No
2023-05-05,Friday,17:00-19:00,58,15.8,69.6,10.1,0,No
2023-05-06,Saturday,07:00-09:00,64,11.7,66.5,24.5,0,No
2023-05-06,Saturday,09:00-11:00,130,10.2,62.0,24.5,0,No
2023-05-06,Saturday,11:00-13:00,165,22.7,66.2,24.5,0,No
2023-05-06,Saturday,13:00-15:00,87,21.1,45.1,24.5,0,No
2023-05-06,Saturday,15:00-17:00,125,11.8,67.2,24.5,0,No
2023-05-06,Saturday,17:00-19:00,93,17.2,41.1,24.5,0,No
2023-05-07,Sunday,07:00-09:00,52,16.8,66.3,16.5,0.2,No
2023-05-07,Sunday,09:00-11:00,139,18.8,71.8,16.5,0.2,No
2023-05-07,Sunday,11:00-13:00,143,17.7,40.7,16.5,0.2,No
2023-05-07,Sunday,13:00-15:00,103,9.4,55.2,16.5,0.2,No
2023-05-07,Sunday,15:00-17:00,136,21.3,68.9,16.5,0.2,No
2023-05-07,Sunday,17:00-19:00,73,9.3,59.0,16.5,0.2,No
2023-05-08,Monday,07:00-09:00,39,15.7,59.9,5.1,2.2,No
2023-05-08,Monday,09:00-11:00,58,15.2,47.6,5.1,2.2,No
2023-05-08,Monday,11:00-13:00,96,15.7,58.5,5.1,2.2,No
2023-05-08,Monday,13:00-15:00,66,16.2,55.9,5.1,2.2,No
2023-05-08,Monday,15:00-17:00,61,14.3,75.6,5.1,2.2,No
2023-05-08,Monday,17:00-19:00,61,9.0,73.9,5.1,2.2,No
2023-05-09,Tuesday,07:00-09:00,32,15.9,44.4,15.8,0,No
2023-05-09,Tuesday,09:00-11:00,83,11.6,64.6,15.8,0,No
2023-05-09,Tuesday,11:00-13:00,121,20.5,71.1,15.8,0,No
2023-05-09,Tuesday,13:00-15:00,87,18.0,72.2,15.8,0,No
2023-05-09,Tuesday,15:00-17:00,79,10.0,65.6,15.8,0,No
2023-05-09,Tuesday,17:00-19:00,59,10.0,57.5,15.8,0,No
2023-05-10,Wednesday,07:00-09:00,46,15.8,62.0,11.1,0.7,No
2023-05-10,Wednesday,09:00-11:00,91,16.0,54.8,11.1,0.7,No
2023-05-10,Wednesday,11:00-13:00,110,9.5,68.2,11.1,0.7,No
2023-05-10,Wednesday,13:00-15:00,80,18.3,59.1,11.1,0.7,No
2023-05-10,Wednesday,15:00-17:00,75,9.7,61.2,11.1,0.7,No
2023-05-10,Wednesday,17:00-19:00,52,15.1,63.8,11.1,0.7,No
2023-05-11,Thursday,07:00-09:00,46,16.1,55.3,8.2,0,No
2023-05-11,Thursday,09:00-11:00,98,18.2,59.2,8.2,0,No
2023-05-11,Thursday,11:00-13:00,104,11.0,55.9,8.2,0,No
2023-05-11,Thursday,13:00-15:00,64,15.3,80.3,8.2,0,No
2023-05-11,Thursday,15:00-17:00,77,15.7,47.9,8.2,0,No
2023-05-11,Thursday,17:00-19:00,70,13.8,53.9,8.2,0,No
2023-05-12,Friday,07:00-09:00,54,4.2,59.5,22.5,3.4,No
2023-05-12,Friday,09:00-11:00,85,12.4,53.5,22.5,3.4,No
2023-05-12,Friday,11:00-13:00,97,10.7,60.0,22.5,3.4,No
2023-05-12,Friday,13:00-15:00,72,11.1,68.1,22.5,3.4,No
2023-05-12,Friday,15:00-17:00,78,15.9,53.0,22.5,3.4,No
2023-05-12,Friday,17:00-19:00,67,12.5,67.1,22.5,3.4,No
2023-05-13,Saturday,07:00-09:00,56,14.6,66.4,17.0,3.6,No
2023-05-13,Saturday,09:00-11:00,106,16.7,79.6,17.0,3.6,No
2023-05-13,Saturday,11:00-13:00,138,15.7,59.8,17.0,3.6,No
2023-05-13,Saturday,13:00-15:00,85,18.6,61.2,17.0,3.6,No
2023-05-13,Saturday,15:00-17:00,106,14.5,53.9,17.0,3.6,No
2023-05-13,Saturday,17:00-19:00,94,14.1,41.8,17.0,3.6,No
2023-05-14,Sunday,07:00-09:00,48,16.4,70.2,8.0,2.0,No
2023-05-14,Sunday,09:00-11:00,126,9.8,76.9,8.0,2.0,No
2023-05-14,Sunday,11:00-13:00,110,13.9,62.3,8.0,2.0,No
2023-05-14,Sunday,13:00-15:00,82,15.3,53.3,8.0,2.0,No
2023-05-14,Sunday,15:00-17:00,99,13.2,68.4,8.0,2.0,No
2023-05-14,Sunday,17:00-19:00,79,18.9,67.3,8.0,2.0,No
2023-05-15,Monday,07:00-09:00,50,19.9,70.1,20.6,1.2,No
2023-05-15,Monday,09:00-11:00,115,18.7,61.6,20.6,1.2,No
2023-05-15,Monday,11:00-13:00,143,13.7,48.5,20.6,1.2,No
2023-05-15,Monday,13:00-15:00,70,12.0,63.4,20.6,1.2,No
2023-05-15,Monday,15:00-17:00,79,19.4,64.1,20.6,1.2,No
2023-05-15,Monday,17:00-19:00,57,12.6,50.2,20.6,1.2,No
2023-05-16,Tuesday,07:00-09:00,15,7.7,38.5,16.9,15.6,No
2023-05-16,Tuesday,09:00-11:00,41,14.6,62.8,16.9,15.6,No
2023-05-16,Tuesday,11:00-13:00,78,10.6,71.6,16.9,15.6,No
2023-05-16,Tuesday,13:00-15:00,32,17.7,56.2,16.9,15.6,No
2023-05-16,Tuesday,15:00-17:00,47,14.7,61.2,16.9,15.6,No
2023-05-16,Tuesday,17:00-19:00,42,10.7,58.5,16.9,15.6,No
2023-05-17,Wednesday,07:00-09:00,20,16.9,75.5,26.4,4.7,No
2023-05-17,Wednesday,09:00-11:00,84,5.5,68.5,26.4,4.7,No
2023-05-17,Wednesday,11:00-13:00,156,10.1,54.4,26.4,4.7,No
2023-05-17,Wednesday,13:00-15:00,69,13.1,70.0,26.4,4.7,No
2023-05-17,Wednesday,15:00-17:00,62,9.9,53.1,26.4,4.7,No
2023-05-17,Wednesday,17:00-19:00,57,11.5,57.1,26.4,4.7,No
2023-05-18,Thursday,07:00-09:00,27,16.5,64.4,22.1,4.1,No
2023-05-18,Thursday,09:00-11:00,85,15.4,61.6,22.1,4.1,No
2023-05-18,Thursday,11:00-13:00,113,8.0,57.7,22.1,4.1,No
2023-05-18,Thursday,13:00-15:00,64,17.1,66.8,22.1,4.1,No
2023-05-18,Thursday,15:00-17:00,51,10.7,64.7,22.1,4.1,No
2023-05-18,Thursday,17:00-19:00,72,12.2,55.5,22.1,4.1,No
2023-05-19,Friday,07:00-09:00,39,12.3,63.6,5.3,3.0,No
2023-05-19,Friday,09:00-11:00,81,17.9,60.0,5.3,3.0,No
2023-05-19,Friday,11:00-13:00,73,15.7,68.7,5.3,3.0,No
2023-05-19,Friday,13:00-15:00,62,11.8,58.6,5.3,3.0,No
2023-05-19,Friday,15:00-17:00,66,12.0,52.4,5.3,3.0,No
2023-05-19,Friday,17:00-19:00,49,16.1,60.6,5.3,3.0,No
2023-05-20,Saturday,07:00-09:00,62,13.5,75.4,17.4,7.0,No
2023-05-20,Saturday,09:00-11:00,107,16.7,40.5,17.4,7.0,No
2023-05-20,Saturday,11:00-13:00,121,16.7,75.3,17.4,7.0,No
2023-05-20,Saturday,13:00-15:00,78,11.3,64.8,17.4,7.0,No
2023-05-20,Saturday,15:00-17:00,89,16.0,61.5,17.4,7.0,No
2023-05-20,Saturday,17:00-19:00,62,17.1,55.8,17.4,7.0,No
2023-05-21,Sunday,07:00-09:00,56,12.4,78.0,10.1,3.3,No
2023-05-21,Sunday,09:00-11:00,116,4.7,70.9,10.1,3.3,No
2023-05-21,Sunday,11:00-13:00,125,16.5,70.6,10.1,3.3,No
2023-05-21,Sunday,13:00-15:00,76,7.2,58.9,10.1,3.3,No
2023-05-21,Sunday,15:00-17:00,108,13.1,70.9,10.1,3.3,No
2023-05-21,Sunday,17:00-19:00,57,16.3,52.8,10.1,3.3,No
2023-05-22,Monday,07:00-09:00,46,8.8,69.3,19.2,0.4,No
2023-05-22,Monday,09:00-11:00,115,16.9,50.3,19.2,0.4,No
2023-05-22,Monday,11:00-13:00,133,8.2,79.0,19.2,0.4,No
2023-05-22,Monday,13:00-15:00,77,18.3,58.2,19.2,0.4,No
2023-05-22,Monday,15:00-17:00,75,20.5,59.1,19.2,0.4,No
2023-05-22,Monday,17:00-19:00,52,11.9,38.5,19.2,0.4,No
2023-05-23,Tuesday,07:00-09:00,46,9.7,60.1,29.8,0,No
2023-05-23,Tuesday,09:00-11:00,105,13.9,56.8,29.8,0,No
2023-05-23,Tuesday,11:00-13:00,120,7.5,57.5,29.8,0,No
2023-05-23,Tuesday,13:00-15:00,78,14.7,67.0,29.8,0,No
2023-05-23,Tuesday,15:00-17:00,80,5.0,56.8,29.8,0,No
2023-05-23,Tuesday,17:00-19:00,72,12.9,68.5,29.8,0,No
2023-05-24,Wednesday,07:00-09:00,17,14.1,55.6,16.7,0.1,No
2023-05-24,Wednesday,09:00-11:00,103,16.0,54.6,16.7,0.1,No
2023-05-24,Wednesday,11:00-13:00,134,13.4,69.9,16.7,0.1,No
2023-05-24,Wednesday,13:00-15:00,68,10.5,69.3,16.7,0.1,No
2023-05-24,Wednesday,15:00-17:00,93,17.7,59.4,16.7,0.1,No
2023-05-24,Wednesday,17:00-19:00,72,11.6,51.7,16.7,0.1,No
2023-05-25,Thursday,07:00-09:00,47,13.0,75.0,9.4,0,No
2023-05-25,Thursday,09:00-11:00,105,14.6,62.8,9.4,0,No
2023-05-25,Thursday,11:00-13:00,117,13.2,62.0,9.4,0,No
2023-05-25,Thursday,13:00-15:00,51,8.6,58.9,9.4,0,No
2023-05-25,Thursday,15:00-17:00,53,13.8,54.3,9.4,0,No
2023-05-25,Thursday,17:00-19:00,37,15.6,75.5,9.4,0,No
2023-05-26,Friday,07:00-09:00,55,6.3,53.6,11.3,1.4,No
2023-05-26,Friday,09:00-11:00,109,5.5,65.9,11.3,1.4,No
2023-05-26,Friday,11:00-13:00,83,8.5,47.0,11.3,1.4,No
2023-05-26,Friday,13:00-15:00,85,15.0,52.7,11.3,1.4,No
2023-05-26,Friday,15:00-17:00,74,19.8,55.9,11.3,1.4,No
2023-05-26,Friday,17:00-19:00,72,19.0,55.5,11.3,1.4,No
2023-05-27,Saturday,07:00-09:00,70,14.2,65.9,32.5,2.2,No
2023-05-27,Saturday,09:00-11:00,108,7.5,60.4,32.5,2.2,No
2023-05-27,Saturday,11:00-13:00,163,16.2,54.4,32.5,2.2,No
2023-05-27,Saturday,13:00-15:00,101,10.3,59.3,32.5,2.2,No
2023-05-27,Saturday,15:00-17:00,112,11.3,79.6,32.5,2.2,No
2023-05-27,Saturday,17:00-19:00,91,5.5,70.2,32.5,2.2,No
2023-05-28,Sunday,07:00-09:00,37,16.0,65.2,5.0,6.1,No
2023-05-28,Sunday,09:00-11:00,95,13.5,58.0,5.0,6.1,No
2023-05-28,Sunday,11:00-13:00,123,17.6,51.4,5.0,6.1,No
2023-05-28,Sunday,13:00-15:00,80,20.6,54.4,5.0,6.1,No
2023-05-28,Sunday,15:00-17:00,83,17.0,63.5,5.0,6.1,No
2023-05-28,Sunday,17:00-19:00,53,20.8,63.0,5.0,6.1,No
2023-05-29,Monday,07:00-09:00,36,11.1,60.4,21.4,6.6,Yes
2023-05-29,Monday,09:00-11:00,113,12.9,39.2,21.4,6.6,Yes
2023-05-29,Monday,11:00-13:00,117,8.8,66.5,21.4,6.6,Yes
2023-05-29,Monday,13:00-15:00,106,14.5,67.2,21.4,6.6,Yes
2023-05-29,Monday,15:00-17:00,114,8.6,64.7,21.4,6.6,Yes
2023-05-29,Monday,17:00-19:00,61,13.9,64.6,21.4,6.6,Yes
2023-05-30,Tuesday,07:00-09:00,66,15.7,64.6,18.9,3.1,No
2023-05-30,Tuesday,09:00-11:00,81,15.8,60.2,18.9,3.1,No
2023-05-30,Tuesday,11:00-13:00,115,16.4,63.4,18.9,3.1,No
2023-05-30,Tuesday,13:00-15:00,72,18.9,47.4,18.9,3.1,No
2023-05-30,Tuesday,15:00-17:00,78,15.8,64.3,18.9,3.1,No
2023-05-30,Tuesday,17:00-19:00,43,8.4,62.9,18.9,3.1,No
2023-05-31,Wednesday,07:00-09:00,46,10.4,57.5,17.1,6.0,No
2023-05-31,Wednesday,09:00-11:00,77,11.4,78.5,17.1,6.0,No
2023-05-31,Wednesday,11:00-13:00,76,9.2,64.4,17.1,6.0,No
2023-05-31,Wednesday,13:00-15:00,53,12.0,68.2,17.1,6.0,No
2023-05-31,Wednesday,15:00-17:00,85,13.8,71.7,17.1,6.0,No
2023-05-31,Wednesday,17:00-19:00,46,13.9,66.1,17.1,6.0,No
2023-06-01,Thursday,07:00-09:00,30,13.2,63.6,7.2,0,No
2023-06-01,Thursday,09:00-11:00,102,14.8,60.8,7.2,0,No
2023-06-01,Thursday,11:00-13:00,112,15.3,60.5,7.2,0,No
2023-06-01,Thursday,13:00-15:00,61,13.6,67.3,7.2,0,No
2023-06-01,Thursday,15:00-17:00,96,17.4,56.8,7.2,0,No
2023-06-01,Thursday,17:00-19:00,44,15.6,54.0,7.2,0,No
2023-06-02,Friday,07:00-09:00,54,16.7,69.2,32.1,0,No
2023-06-02,Friday,09:00-11:00,88,15.8,61.1,32.1,0,No
2023-06-02,Friday,11:00-13:00,141,8.9,64.7,32.1,0,No
2023-06-02,Friday,13:00-15:00,92,13.3,53.6,32.1,0,No
2023-06-02,Friday,15:00-17:00,79,15.8,61.0,32.1,0,No
2023-06-02,Friday,17:00-19:00,75,17.1,66.9,32.1,0,No
2023-06-03,Saturday,07:00-09:00,63,9.6,46.1,17.3,5.5,No
2023-06-03,Saturday,09:00-11:00,114,17.0,60.4,17.3,5.5,No
2023-06-03,Saturday,11:00-13:00,103,16.9,76.1,17.3,5.5,No
2023-06-03,Saturday,13:00-15:00,59,10.0,60.5,17.3,5.5,No
2023-06-03,Saturday,15:00-17:00,111,18.8,57.4,17.3,5.5,No
2023-06-03,Saturday,17:00-19:00,66,14.1,67.6,17.3,5.5,No
2023-06-04,Sunday,07:00-09:00,52,14.5,57.2,11.9,3.6,No
2023-06-04,Sunday,09:00-11:00,82,15.2,72.1,11.9,3.6,No
2023-06-04,Sunday,11:00-13:00,123,16.6,68.0,11.9,3.6,No
2023-06-04,Sunday,13:00-15:00,86,14.7,67.4,11.9,3.6,No
2023-06-04,Sunday,15:00-17:00,73,11.6,75.7,11.9,3.6,No
2023-06-04,Sunday,17:00-19:00,59,11.5,52.8,11.9,3.6,No
2023-06-05,Monday,07:00-09:00,30,16.9,62.8,7.7,0,No
2023-06-05,Monday,09:00-11:00,92,12.8,62.1,7.7,0,No
2023-06-05,Monday,11:00-13:00,105,16.0,51.6,7.7,0,No
2023-06-05,Monday,13:00-15:00,73,11.5,58.8,7.7,0,No
2023-06-05,Monday,15:00-17:00,80,14.1,64.2,7.7,0,No
2023-06-05,Monday,17:00-19:00,41,18.5,62.3,7.7,0,No
2023-06-06,Tuesday,07:00-09:00,45,15.1,54.9,29.2,9.7,No
2023-06-06,Tuesday,09:00-11:00,69,18.5,62.9,29.2,9.7,No
2023-06-06,Tuesday,11:00-13:00,98,10.4,59.8,29.2,9.7,No
2023-06-06,Tuesday,13:00-15:00,66,13.1,64.7,29.2,9.7,No
2023-06-06,Tuesday,15:00-17:00,66,9.4,68.4,29.2,9.7,No
2023-06-06,Tuesday,17:00-19:00,46,18.6,61.1,29.2,9.7,No
2023-06-07,Wednesday,07:00-09:00,52,6.1,66.6,3.9,0,No
2023-06-07,Wednesday,09:00-11:00,91,15.0,58.1,3.9,0,No
2023-06-07,Wednesday,11:00-13:00,142,13.7,61.1,3.9,0,No
2023-06-07,Wednesday,13:00-15:00,56,19.5,68.7,3.9,0,No
2023-06-07,Wednesday,15:00-17:00,85,7.2,61.2,3.9,0,No
2023-06-07,Wednesday,17:00-19:00,51,13.5,59.6,3.9,0,No
2023-06-08,Thursday,07:00-09:00,52,15.0,60.9,16.8,1.2,No
2023-06-08,Thursday,09:00-11:00,116,15.0,54.4,16.8,1.2,No
2023-06-08,Thursday,11:00-13:00,97,5.4,58.5,16.8,1.2,No
2023-06-08,Thursday,13:00-15:00,68,13.0,66.1,16.8,1.2,No
2023-06-08,Thursday,15:00-17:00,57,10.1,71.0,16.8,1.2,No
2023-06-08,Thursday,17:00-19:00,47,11.6,53.5,16.8,1.2,No
2023-06-09,Friday,07:00-09:00,29,14.2,63.3,15.5,6.6,No
2023-06-09,Friday,09:00-11:00,52,19.7,69.4,15.5,6.6,No
2023-06-09,Friday,11:00-13:00,82,10.4,65.1,15.5,6.6,No
2023-06-09,Friday,13:00-15:00,47,9.3,49.4,15.5,6.6,No
2023-06-09,Friday,15:00-17:00,61,12.5,56.5,15.5,6.6,No
2023-06-09,Friday,17:00-19:00,43,11.8,54.1,15.5,6.6,No
2023-06-10,Saturday,07:00-09:00,39,20.2,62.7,8.1,5.1,No
2023-06-10,Saturday,09:00-11:00,74,10.3,79.7,8.1,5.1,No
2023-06-10,Saturday,11:00-13:00,107,8.4,64.2,8.1,5.1,No
2023-06-10,Saturday,13:00-15:00,68,20.1,75.0,8.1,5.1,No
2023-06-10,Saturday,15:00-17:00,72,16.9,58.1,8.1,5.1,No
2023-06-10,Saturday,17:00-19:00,53,12.8,63.8,8.1,5.1,No
2023-06-11,Sunday,07:00-09:00,55,12.4,69.1,4.2,4.8,No
2023-06-11,Sunday,09:00-11:00,101,15.5,64.4,4.2,4.8,No
2023-06-11,Sunday,11:00-13:00,133,14.5,61.0,4.2,4.8,No
2023-06-11,Sunday,13:00-15:00,85,10.3,60.6,4.2,4.8,No
2023-06-11,Sunday,15:00-17:00,94,17.4,58.6,4.2,4.8,No
2023-06-11,Sunday,17:00-19:00,61,10.6,67.1,4.2,4.8,No
2023-06-12,Monday,07:00-09:00,33,14.9,48.4,10.7,5.7,No
2023-06-12,Monday,09:00-11:00,95,14.9,66.9,10.7,5.7,No
2023-06-12,Monday,11:00-13:00,92,16.9,54.4,10.7,5.7,No
2023-06-12,Monday,13:00-15:00,45,15.0,63.6,10.7,5.7,No
2023-06-12,Monday,15:00-17:00,62,15.9,74.7,10.7,5.7,No
2023-06-12,Monday,17:00-19:00,56,11.4,59.3,10.7,5.7,No
2023-06-13,Tuesday,07:00-09:00,51,9.8,55.4,8.7,1.4,No
2023-06-13,Tuesday,09:00-11:00,92,15.4,76.6,8.7,1.4,No
2023-06-13,Tuesday,11:00-13:00,94,9.6,64.6,8.7,1.4,No
2023-06-13,Tuesday,13:00-15:00,72,9.9,52.5,8.7,1.4,No
2023-06-13,Tuesday,15:00-17:00,74,14.3,68.9,8.7,1.4,No
2023-06-13,Tuesday,17:00-19:00,71,9.3,52.9,8.7,1.4,No
2023-06-14,Wednesday,07:00-09:00,56,19.3,65.6,22.3,0,No
2023-06-14,Wednesday,09:00-11:00,113,4.2,67.7,22.3,0,No
2023-06-14,Wednesday,11:00-13:00,112,10.3,83.5,22.3,0,No
2023-06-14,Wednesday,13:00-15:00,83,15.8,58.7,22.3,0,No
2023-06-14,Wednesday,15:00-17:00,89,13.4,56.6,22.3,0,No
2023-06-14,Wednesday,17:00-19:00,70,22.1,62.1,22.3,0,No
2023-06-15,Thursday,07:00-09:00,54,14.7,60.5,12.6,2.2,No
2023-06-15,Thursday,09:00-11:00,95,7.3,61.7,12.6,2.2,No
2023-06-15,Thursday,11:00-13:00,104,12.2,64.4,12.6,2.2,No
2023-06-15,Thursday,13:00-15:00,54,10.3,62.4,12.6,2.2,No
2023-06-15,Thursday,15:00-17:00,54,12.3,61.8,12.6,2.2,No
2023-06-15,Thursday,17:00-19:00,62,15.6,56.0,12.6,2.2,No
2023-06-16,Friday,07:00-09:00,25,7.1,67.1,10.1,6.2,No
2023-06-16,Friday,09:00-11:00,52,13.4,71.6,10.1,6.2,No
2023-06-16,Friday,11:00-13:00,75,12.3,57.2,10.1,6.2,No
2023-06-16,Friday,13:00-15:00,57,17.8,61.7,10.1,6.2,No
2023-06-16,Friday,15:00-17:00,78,15.0,59.2,10.1,6.2,No
2023-06-16,Friday,17:00-19:00,31,14.5,65.3,10.1,6.2,No
2023-06-17,Saturday,07:00-09:00,72,16.0,55.0,21.8,0.1,No
2023-06-17,Saturday,09:00-11:00,120,24.1,49.6,21.8,0.1,No
2023-06-17,Saturday,11:00-13:00,174,12.3,68.3,21.8,0.1,No
2023-06-17,Saturday,13:00-15:00,99,11.4,71.3,21.8,0.1,No
2023-06-17,Saturday,15:00-17:00,131,12.9,65.8,21.8,0.1,No
2023-06-17,Saturday,17:00-19:00,94,11.7,47.5,21.8,0.1,No
2023-06-18,Sunday,07:00-09:00,39,11.1,59.8,25.2,7.0,No
2023-06-18,Sunday,09:00-11:00,112,23.1,63.0,25.2,7.0,No
2023-06-18,Sunday,11:00-13:00,147,18.8,55.5,25.2,7.0,No
2023-06-18,Sunday,13:00-15:00,80,11.8,60.3,25.2,7.0,No
2023-06-18,Sunday,15:00-17:00,88,14.1,59.6,25.2,7.0,No
2023-06-18,Sunday,17:00-19:00,75,15.5,76.6,25.2,7.0,No
2023-06-19,Monday,07:00-09:00,48,14.1,63.3,21.6,5.2,No
2023-06-19,Monday,09:00-11:00,77,19.3,74.5,21.6,5.2,No
2023-06-19,Monday,11:00-13:00,105,9.4,71.9,21.6,5.2,No
2023-06-19,Monday,13:00-15:00,59,20.1,58.4,21.6,5.2,No
2023-06-19,Monday,15:00-17:00,87,19.1,45.7,21.6,5.2,No
2023-06-19,Monday,17:00-19:00,59,13.7,64.0,21.6,5.2,No
2023-06-20,Tuesday,07:00-09:00,44,10.4,48.0,20.5,0.8,No
2023-06-20,Tuesday,09:00-11:00,117,21.0,50.8,20.5,0.8,No
2023-06-20,Tuesday,11:00-13:00,108,12.6,47.0,20.5,0.8,No
2023-06-20,Tuesday,13:00-15:00,85,14.7,57.9,20.5,0.8,No
2023-06-20,Tuesday,15:00-17:00,87,11.0,57.4,20.5,0.8,No
2023-06-20,Tuesday,17:00-19:00,62,12.9,68.3,20.5,0.8,No
2023-06-21,Wednesday,07:00-09:00,56,20.4,63.8,23.0,0.0,No
2023-06-21,Wednesday,09:00-11:00,95,7.9,60.0,23.0,0.0,No
2023-06-21,Wednesday,11:00-13:00,94,13.9,57.3,23.0,0.0,No
2023-06-21,Wednesday,13:00-15:00,88,4.0,66.3,23.0,0.0,No
2023-06-21,Wednesday,15:00-17:00,59,16.1,75.5,23.0,0.0,No
2023-06-21,Wednesday,17:00-19:00,64,15.9,64.3,23.0,0.0,No
2023-06-22,Thursday,07:00-09:00,45,12.1,49.6,26.7,0,No
2023-06-22,Thursday,09:00-11:00,81,15.0,60.2,26.7,0,No
2023-06-22,Thursday,11:00-13:00,134,12.3,57.7,26.7,0,No
2023-06-22,Thursday,13:00-15:00,69,14.4,52.4,26.7,0,No
2023-06-22,Thursday,15:00-17:00,96,12.6,59.0,26.7,0,No
2023-06-22,Thursday,17:00-19:00,92,18.2,68.7,26.7,0,No
2023-06-23,Friday,07:00-09:00,43,6.6,69.7,19.5,0,No
2023-06-23,Friday,09:00-11:00,113,7.7,61.1,19.5,0,No
2023-06-23,Friday,11:00-13:00,113,9.4,42.6,19.5,0,No
2023-06-23,Friday,13:00-15:00,64,19.6,74.8,19.5,0,No
2023-06-23,Friday,15:00-17:00,82,12.2,53.2,19.5,0,No
2023-06-23,Friday,17:00-19:00,48,20.7,56.4,19.5,0,No
2023-06-24,Saturday,07:00-09:00,65,14.9,69.1,11.2,0.1,No
2023-06-24,Saturday,09:00-11:00,109,14.0,65.7,11.2,0.1,No
2023-06-24,Saturday,11:00-13:00,172,14.7,47.9,11.2,0.1,No
2023-06-24,Saturday,13:00-15:00,113,12.6,70.8,11.2,0.1,No
2023-06-24,Saturday,15:00-17:00,113,16.7,65.6,11.2,0.1,No
2023-06-24,Saturday,17:00-19:00,68,10.7,56.4,11.2,0.1,No
2023-06-25,Sunday,07:00-09:00,62,14.7,70.3,12.8,0.3,No
2023-06-25,Sunday,09:00-11:00,144,14.3,71.6,12.8,0.3,No
2023-06-25,Sunday,11:00-13:00,146,11.5,55.4,12.8,0.3,No
2023-06-25,Sunday,13:00-15:00,97,18.3,68.3,12.8,0.3,No
2023-06-25,Sunday,15:00-17:00,101,16.4,51.2,12.8,0.3,No
2023-06-25,Sunday,17:00-19:00,87,6.9,65.3,12.8,0.3,No
2023-06-26,Monday,07:00-09:00,46,16.7,60.2,18.9,4.6,No
2023-06-26,Monday,09:00-11:00,79,10.6,52.5,18.9,4.6,No
2023-06-26,Monday,11:00-13:00,58,17.0,59.3,18.9,4.6,No
2023-06-26,Monday,13:00-15:00,68,17.3,56.0,18.9,4.6,No
2023-06-26,Monday,15:00-17:00,80,14.1,46.1,18.9,4.6,No
2023-06-26,Monday,17:00-19:00,49,16.1,78.7,18.9,4.6,No
2023-06-27,Tuesday,07:00-09:00,42,16.0,56.3,5.5,1.2,No
2023-06-27,Tuesday,09:00-11:00,64,6.3,66.0,5.5,1.2,No
2023-06-27,Tuesday,11:00-13:00,121,19.4,52.1,5.5,1.2,No
2023-06-27,Tuesday,13:00-15:00,39,21.0,68.4,5.5,1.2,No
2023-06-27,Tuesday,15:00-17:00,35,15.0,58.0,5.5,1.2,No
2023-06-27,Tuesday,17:00-19:00,46,12.8,52.8,5.5,1.2,No
2023-06-28,Wednesday,07:00-09:00,42,9.0,52.7,11.6,0,No
2023-06-28,Wednesday,09:00-11:00,81,14.7,59.4,11.6,0,No
2023-06-28,Wednesday,11:00-13:00,143,15.2,63.4,11.6,0,No
2023-06-28,Wednesday,13:00-15:00,89,8.0,62.0,11.6,0,No
2023-06-28,Wednesday,15:00-17:00,76,16.6,64.4,11.6,0,No
2023-06-28,Wednesday,17:00-19:00,33,14.5,58.4,11.6,0,No
2023-06-29,Thursday,07:00-09:00,35,21.2,64.5,24.5,0,No
2023-06-29,Thursday,09:00-11:00,100,14.0,64.2,24.5,0,No
2023-06-29,Thursday,11:00-13:00,125,9.7,54.0,24.5,0,No
2023-06-29,Thursday,13:00-15:00,92,16.4,62.9,24.5,0,No
2023-06-29,Thursday,15:00-17:00,103,16.7,69.6,24.5,0,No
2023-06-29,Thursday,17:00-19:00,73,11.5,60.2,24.5,0,No
2023-06-30,Friday,07:00-09:00,39,20.5,53.0,3.0,2.3,No
2023-06-30,Friday,09:00-11:00,83,14.4,58.7,3.0,2.3,No
2023-06-30,Friday,11:00-13:00,141,15.5,63.7,3.0,2.3,No
2023-06-30,Friday,13:00-15:00,60,14.3,62.6,3.0,2.3,No
2023-06-30,Friday,15:00-17:00,69,8.9,66.8,3.0,2.3,No
2023-06-30,Friday,17:00-19:00,39,9.9,43.7,3.0,2.3,No
2023-07-01,Saturday,07:00-09:00,65,16.5,66.4,13.7,0,No
2023-07-01,Saturday,09:00-11:00,109,8.7,75.5,13.7,0,No
2023-07-01,Saturday,11:00-13:00,175,8.3,51.6,13.7,0,No
2023-07-01,Saturday,13:00-15:00,104,17.6,54.6,13.7,0,No
2023-07-01,Saturday,15:00-17:00,124,17.5,69.6,13.7,0,No
2023-07-01,Saturday,17:00-19:00,83,18.7,65.2,13.7,0,No
2023-07-02,Sunday,07:00-09:00,61,21.3,56.2,29.7,3.0,No
2023-07-02,Sunday,09:00-11:00,140,15.6,58.6,29.7,3.0,No
2023-07-02,Sunday,11:00-13:00,154,18.8,62.5,29.7,3.0,No
2023-07-02,Sunday,13:00-15:00,116,11.4,57.5,29.7,3.0,No
2023-07-02,Sunday,15:00-17:00,103,10.6,70.2,29.7,3.0,No
2023-07-02,Sunday,17:00-19:00,71,24.7,53.1,29.7,3.0,No
2023-07-03,Monday,07:00-09:00,39,15.3,64.1,13.8,1.2,No
2023-07-03,Monday,09:00-11:00,85,16.1,76.1,13.8,1.2,No
2023-07-03,Monday,11:00-13:00,92,19.9,64.4,13.8,1.2,No
2023-07-03,Monday,13:00-15:00,66,6.8,62.6,13.8,1.2,No
2023-07-03,Monday,15:00-17:00,61,11.9,69.4,13.8,1.2,No
2023-07-03,Monday,17:00-19:00,38,13.1,64.5,13.8,1.2,No
2023-07-04,Tuesday,07:00-09:00,64,10.4,57.8,3.7,5.3,Yes
2023-07-04,Tuesday,09:00-11:00,99,13.7,58.3,3.7,5.3,Yes
2023-07-04,Tuesday,11:00-13:00,105,14.1,56.6,3.7,5.3,Yes
2023-07-04,Tuesday,13:00-15:00,87,15.6,46.0,3.7,5.3,Yes
2023-07-04,Tuesday,15:00-17:00,91,23.2,75.8,3.7,5.3,Yes
2023-07-04,Tuesday,17:00-19:00,62,15.8,72.3,3.7,5.3,Yes
2023-07-05,Wednesday,07:00-09:00,41,14.5,56.1,6.2,6.2,No
2023-07-05,Wednesday,09:00-11:00,74,18.4,70.8,6.2,6.2,No
2023-07-05,Wednesday,11:00-13:00,69,13.4,70.2,6.2,6.2,No
2023-07-05,Wednesday,13:00-15:00,61,17.1,57.8,6.2,6.2,No
2023-07-05,Wednesday,15:00-17:00,39,21.5,62.3,6.2,6.2,No
2023-07-05,Wednesday,17:00-19:00,43,18.1,62.5,6.2,6.2,No
2023-07-06,Thursday,07:00-09:00,44,13.7,67.2,15.2,0,No
2023-07-06,Thursday,09:00-11:00,63,14.0,64.7,15.2,0,No
2023-07-06,Thursday,11:00-13:00,135,15.5,60.6,15.2,0,No
2023-07-06,Thursday,13:00-15:00,84,7.3,51.9,15.2,0,No
2023-07-06,Thursday,15:00-17:00,91,14.0,52.6,15.2,0,No
2023-07-06,Thursday,17:00-19:00,66,13.1,59.3,15.2,0,No
2023-07-07,Friday,07:00-09:00,43,7.0,74.7,20.0,1.0,No
2023-07-07,Friday,09:00-11:00,76,10.8,64.4,20.0,1.0,No
2023-07-07,Friday,11:00-13:00,99,17.8,66.1,20.0,1.0,No
2023-07-07,Friday,13:00-15:00,67,16.7,57.6,20.0,1.0,No
2023-07-07,Friday,15:00-17:00,78,13.5,57.3,20.0,1.0,No
2023-07-07,Friday,17:00-19:00,66,18.4,59.2,20.0,1.0,No
2023-07-08,Saturday,07:00-09:00,63,9.9,58.6,30.5,6.2,No
2023-07-08,Saturday,09:00-11:00,135,18.6,71.0,30.5,6.2,No
2023-07-08,Saturday,11:00-13:00,143,12.9,62.8,30.5,6.2,No
2023-07-08,Saturday,13:00-15:00,103,14.9,42.3,30.5,6.2,No
2023-07-08,Saturday,15:00-17:00,130,15.0,60.6,30.5,6.2,No
2023-07-08,Saturday,17:00-19:00,84,10.8,81.7,30.5,6.2,No
2023-07-09,Sunday,07:00-09:00,59,14.5,55.6,29.6,4.9,No
2023-07-09,Sunday,09:00-11:00,133,14.6,69.7,29.6,4.9,No
2023-07-09,Sunday,11:00-13:00,135,9.8,60.9,29.6,4.9,No
2023-07-09,Sunday,13:00-15:00,91,14.8,43.2,29.6,4.9,No
2023-07-09,Sunday,15:00-17:00,128,10.4,54.3,29.6,4.9,No
2023-07-09,Sunday,17:00-19:00,90,13.5,75.3,29.6,4.9,No
2023-07-10,Monday,07:00-09:00,40,8.5,71.3,15.4,2.9,No
2023-07-10,Monday,09:00-11:00,63,20.0,56.2,15.4,2.9,No
2023-07-10,Monday,11:00-13:00,112,9.2,79.8,15.4,2.9,No
2023-07-10,Monday,13:00-15:00,57,11.1,85.8,15.4,2.9,No
2023-07-10,Monday,15:00-17:00,60,13.1,59.4,15.4,2.9,No
2023-07-10,Monday,17:00-19:00,34,13.4,82.3,15.4,2.9,No
2023-07-11,Tuesday,07:00-09:00,32,22.7,59.7,-9.5,4.6,No
2023-07-11,Tuesday,09:00-11:00,87,11.8,91.0,-9.5,4.6,No
2023-07-11,Tuesday,11:00-13:00,79,10.7,60.0,-9.5,4.6,No
2023-07-11,Tuesday,13:00-15:00,47,13.5,68.3,-9.5,4.6,No
2023-07-11,Tuesday,15:00-17:00,55,19.8,62.2,-9.5,4.6,No
2023-07-11,Tuesday,17:00-19:00,36,11.9,73.0,-9.5,4.6,No
2023-07-12,Wednesday,07:00-09:00,49,14.3,64.2,23.0,0,No
2023-07-12,Wednesday,09:00-11:00,101,10.4,70.8,23.0,0,No
2023-07-12,Wednesday,11:00-13:00,105,12.6,59.1,23.0,0,No
2023-07-12,Wednesday,13:00-15:00,76,18.0,55.9,23.0,0,No
2023-07-12,Wednesday,15:00-17:00,105,12.8,61.3,23.0,0,No
2023-07-12,Wednesday,17:00-19:00,79,13.7,71.3,23.0,0,No
2023-07-13,Thursday,07:00-09:00,47,9.8,63.3,15.7,4.5,No
2023-07-13,Thursday,09:00-11:00,102,15.9,70.7,15.7,4.5,No
2023-07-13,Thursday,11:00-13:00,80,15.3,56.6,15.7,4.5,No
2023-07-13,Thursday,13:00-15:00,58,25.9,54.6,15.7,4.5,No
2023-07-13,Thursday,15:00-17:00,72,13.9,70.7,15.7,4.5,No
2023-07-13,Thursday,17:00-19:00,32,12.8,61.4,15.7,4.5,No
2023-07-14,Friday,07:00-09:00,36,13.9,66.8,15.4,3.9,No
2023-07-14,Friday,09:00-11:00,85,7.2,55.6,15.4,3.9,No
2023-07-14,Friday,11:00-13:00,95,12.6,56.2,15.4,3.9,No
2023-07-14,Friday,13:00-15:00,67,19.4,63.7,15.4,3.9,No
2023-07-14,Friday,15:00-17:00,46,22.4,68.2,15.4,3.9,No
2023-07-14,Friday,17:00-19:00,43,17.1,59.6,15.4,3.9,No
2023-07-15,Saturday,07:00-09:00,60,16.2,58.8,22.5,2.7,No
2023-07-15,Saturday,09:00-11:00,119,14.8,68.7,22.5,2.7,No
2023-07-15,Saturday,11:00-13:00,144,7.6,64.6,22.5,2.7,No
2023-07-15,Saturday,13:00-15:00,76,17.6,59.1,22.5,2.7,No
2023-07-15,Saturday,15:00-17:00,91,11.1,70.0,22.5,2.7,No
2023-07-15,Saturday,17:00-19:00,89,8.1,45.9,22.5,2.7,No
2023-07-16,Sunday,07:00-09:00,52,8.4,53.1,39.1,0,No
2023-07-16,Sunday,09:00-11:00,137,12.0,61.0,39.1,0,No
2023-07-16,Sunday,11:00-13:00,217,9.1,52.8,39.1,0,No
2023-07-16,Sunday,13:00-15:00,110,10.5,61.1,39.1,0,No
2023-07-16,Sunday,15:00-17:00,145,18.9,68.1,39.1,0,No
2023-07-16,Sunday,17:00-19:00,91,17.3,41.0,39.1,0,No
2023-07-17,Monday,07:00-09:00,49,12.9,43.1,15.8,5.5,No
2023-07-17,Monday,09:00-11:00,89,12.6,63.7,15.8,5.5,No
2023-07-17,Monday,11:00-13:00,84,13.4,56.0,15.8,5.5,No
2023-07-17,Monday,13:00-15:00,69,14.9,75.9,15.8,5.5,No
2023-07-17,Monday,15:00-17:00,70,21.4,80.2,15.8,5.5,No
2023-07-17,Monday,17:00-19:00,44,14.3,79.5,15.8,5.5,No
2023-07-18,Tuesday,07:00-09:00,33,9.6,59.8,9.6,0,No
2023-07-18,Tuesday,09:00-11:00,96,10.0,67.2,9.6,0,No
2023-07-18,Tuesday,11:00-13:00,123,17.8,65.9,9.6,0,No
2023-07-18,Tuesday,13:00-15:00,64,15.9,70.0,9.6,0,No
2023-07-18,Tuesday,15:00-17:00,87,17.6,63.2,9.6,0,No
2023-07-18,Tuesday,17:00-19:00,39,12.2,62.7,9.6,0,No
2023-07-19,Wednesday,07:00-09:00,56,14.4,70.6,25.3,0,No
2023-07-19,Wednesday,09:00-11:00,112,10.1,60.5,25.3,0,No
2023-07-19,Wednesday,11:00-13:00,117,15.0,60.1,25.3,0,No
2023-07-19,Wednesday,13:00-15:00,71,13.0,69.0,25.3,0,No
2023-07-19,Wednesday,15:00-17:00,98,10.8,59.0,25.3,0,No
2023-07-19,Wednesday,17:00-19:00,60,13.7,58.9,25.3,0,No
2023-07-20,Thursday,07:00-09:00,64,11.0,61.5,32.2,0,No
2023-07-20,Thursday,09:00-11:00,92,14.3,49.6,32.2,0,No
2023-07-20,Thursday,11:00-13:00,131,7.6,49.5,32.2,0,No
2023-07-20,Thursday,13:00-15:00,73,11.7,61.7,32.2,0,No
2023-07-20,Thursday,15:00-17:00,117,14.3,58.0,32.2,0,No
2023-07-20,Thursday,17:00-19:00,57,12.9,66.5,32.2,0,No
2023-07-21,Friday,07:00-09:00,47,11.1,59.5,13.9,0,No
2023-07-21,Friday,09:00-11:00,93,9.1,60.9,13.9,0,No
2023-07-21,Friday,11:00-13:00,68,13.5,60.3,13.9,0,No
2023-07-21,Friday,13:00-15:00,84,14.5,42.2,13.9,0,No
2023-07-21,Friday,15:00-17:00,116,16.5,71.6,13.9,0,No
2023-07-21,Friday,17:00-19:00,46,11.1,64.7,13.9,0,No
2023-07-22,Saturday,07:00-09:00,64,16.0,59.8,20.1,0,No
2023-07-22,Saturday,09:00-11:00,151,14.4,66.8,20.1,0,No
2023-07-22,Saturday,11:00-13:00,177,12.8,59.0,20.1,0,No
2023-07-22,Saturday,13:00-15:00,100,14.4,68.4,20.1,0,No
2023-07-22,Saturday,15:00-17:00,133,16.9,57.1,20.1,0,No
2023-07-22,Saturday,17:00-19:00,81,13.1,60.7,20.1,0,No
2023-07-23,Sunday,07:00-09:00,71,18.4,65.4,22.7,0,No
2023-07-23,Sunday,09:00-11:00,122,12.1,81.1,22.7,0,No
2023-07-23,Sunday,11:00-13:00,148,15.9,68.2,22.7,0,No
2023-07-23,Sunday,13:00-15:00,116,19.5,55.7,22.7,0,No
2023-07-23,Sunday,15:00-17:00,128,13.0,69.1,22.7,0,No
2023-07-23,Sunday,17:00-19:00,76,15.9,64.3,22.7,0,No
2023-07-24,Monday,07:00-09:00,46,12.6,61.8,12.9,7.9,No
2023-07-24,Monday,09:00-11:00,52,16.1,64.1,12.9,7.9,No
2023-07-24,Monday,11:00-13:00,67,17.8,60.9,12.9,7.9,No
2023-07-24,Monday,13:00-15:00,31,19.5,67.5,12.9,7.9,No
2023-07-24,Monday,15:00-17:00,60,13.3,72.1,12.9,7.9,No
2023-07-24,Monday,17:00-19:00,48,11.4,61.3,12.9,7.9,No
2023-07-25,Tuesday,07:00-09:00,26,7.0,57.8,0.8,0,No
2023-07-25,Tuesday,09:00-11:00,72,7.1,53.6,0.8,0,No
2023-07-25,Tuesday,11:00-13:00,102,16.6,53.0,0.8,0,No
2023-07-25,Tuesday,13:00-15:00,66,15.8,70.7,0.8,0,No
2023-07-25,Tuesday,15:00-17:00,86,18.2,70.2,0.8,0,No
2023-07-25,Tuesday,17:00-19:00,56,13.5,56.5,0.8,0,No
2023-07-26,Wednesday,07:00-09:00,26,10.0,73.8,6.5,3.9,No
2023-07-26,Wednesday,09:00-11:00,78,9.7,54.6,6.5,3.9,No
2023-07-26,Wednesday,11:00-13:00,90,17.7,42.5,6.5,3.9,No
2023-07-26,Wednesday,13:00-15:00,50,19.5,51.4,6.5,3.9,No
2023-07-26,Wednesday,15:00-17:00,79,9.8,50.7,6.5,3.9,No
2023-07-26,Wednesday,17:00-19:00,45,9.9,56.2,6.5,3.9,No
2023-07-27,Thursday,07:00-09:00,54,12.0,62.7,13.4,4.7,No
2023-07-27,Thursday,09:00-11:00,59,11.1,64.0,13.4,4.7,No
2023-07-27,Thursday,11:00-13:00,82,15.1,73.3,13.4,4.7,No
2023-07-27,Thursday,13:00-15:00,54,11.7,68.6,13.4,4.7,No
2023-07-27,Thursday,15:00-17:00,88,20.0,70.6,13.4,4.7,No
2023-07-27,Thursday,17:00-19:00,29,9.1,54.8,13.4,4.7,No
2023-07-28,Friday,07:00-09:00,48,21.6,53.4,21.2,2.6,No
2023-07-28,Friday,09:00-11:00,101,11.3,72.7,21.2,2.6,No
2023-07-28,Friday,11:00-13:00,80,17.9,56.5,21.2,2.6,No
2023-07-28,Friday,13:00-15:00,74,18.3,65.1,21.2,2.6,No
2023-07-28,Friday,15:00-17:00,84,19.6,70.4,21.2,2.6,No
2023-07-28,Friday,17:00-19:00,58,15.5,78.1,21.2,2.6,No
2023-07-29,Saturday,07:00-09:00,70,20.7,58.8,1.4,0.4,No
2023-07-29,Saturday,09:00-11:00,103,4.5,57.2,1.4,0.4,No
2023-07-29,Saturday,11:00-13:00,152,14.5,63.4,1.4,0.4,No
2023-07-29,Saturday,13:00-15:00,73,9.9,72.9,1.4,0.4,No
2023-07-29,Saturday,15:00-17:00,101,14.5,64.4,1.4,0.4,No
2023-07-29,Saturday,17:00-19:00,78,21.6,60.6,1.4,0.4,No
2023-07-30,Sunday,07:00-09:00,42,16.3,56.2,4.9,5.9,No
2023-07-30,Sunday,09:00-11:00,98,11.1,60.0,4.9,5.9,No
2023-07-30,Sunday,11:00-13:00,144,14.7,62.3,4.9,5.9,No
2023-07-30,Sunday,13:00-15:00,51,6.9,61.9,4.9,5.9,No
2023-07-30,Sunday,15:00-17:00,88,14.9,73.2,4.9,5.9,No
2023-07-30,Sunday,17:00-19:00,55,13.6,60.1,4.9,5.9,No
2023-07-31,Monday,07:00-09:00,41,16.8,68.8,15.0,0,No
2023-07-31,Monday,09:00-11:00,64,15.0,59.6,15.0,0,No
2023-07-31,Monday,11:00-13:00,84,13.8,61.8,15.0,0,No
2023-07-31,Monday,13:00-15:00,70,13.8,52.0,15.0,0,No
2023-07-31,Monday,15:00-17:00,89,13.1,55.2,15.0,0,No
2023-07-31,Monday,17:00-19:00,52,17.9,48.2,15.0,0,No
2023-08-01,Tuesday,07:00-09:00,47,10.6,58.5,16.8,0,No
2023-08-01,Tuesday,09:00-11:00,98,19.1,60.0,16.8,0,No
2023-08-01,Tuesday,11:00-13:00,102,17.0,63.4,16.8,0,No
2023-08-01,Tuesday,13:00-15:00,87,13.4,68.4,16.8,0,No
2023-08-01,Tuesday,15:00-17:00,80,9.5,43.3,16.8,0,No
2023-08-01,Tuesday,17:00-19:00,79,12.6,42.5,16.8,0,No
2023-08-02,Wednesday,07:00-09:00,37,15.6,75.6,16.0,0,No
2023-08-02,Wednesday,09:00-11:00,99,9.7,65.0,16.0,0,No
2023-08-02,Wednesday,11:00-13:00,129,16.2,69.0,16.0,0,No
2023-08-02,Wednesday,13:00-15:00,88,18.4,67.1,16.0,0,No
2023-08-02,Wednesday,15:00-17:00,93,23.2,59.2,16.0,0,No
2023-08-02,Wednesday,17:00-19:00,56,7.7,70.7,16.0,0,No
2023-08-03,Thursday,07:00-09:00,39,12.6,53.8,-0.1,0.9,No
2023-08-03,Thursday,09:00-11:00,78,13.5,46.9,-0.1,0.9,No
2023-08-03,Thursday,11:00-13:00,124,15.4,48.8,-0.1,0.9,No
2023-08-03,Thursday,13:00-15:00,45,13.7,67.4,-0.1,0.9,No
2023-08-03,Thursday,15:00-17:00,53,12.2,41.7,-0.1,0.9,No
2023-08-03,Thursday,17:00-19:00,47,14.4,70.9,-0.1,0.9,No
2023-08-04,Friday,07:00-09:00,37,7.5,69.4,4.9,2.5,No
2023-08-04,Friday,09:00-11:00,68,15.8,64.0,4.9,2.5,No
2023-08-04,Friday,11:00-13:00,117,14.4,65.8,4.9,2.5,No
2023-08-04,Friday,13:00-15:00,65,15.3,59.1,4.9,2.5,No
2023-08-04,Friday,15:00-17:00,80,10.9,55.2,4.9,2.5,No
2023-08-04,Friday,17:00-19:00,38,19.2,74.5,4.9,2.5,No
2023-08-05,Saturday,07:00-09:00,77,22.9,58.9,14.1,2.3,No
2023-08-05,Saturday,09:00-11:00,82,13.5,69.0,14.1,2.3,No
2023-08-05,Saturday,11:00-13:00,160,10.7,65.3,14.1,2.3,No
2023-08-05,Saturday,13:00-15:00,98,11.1,48.8,14.1,2.3,No
2023-08-05,Saturday,15:00-17:00,115,12.9,54.8,14.1,2.3,No
2023-08-05,Saturday,17:00-19:00,63,14.9,68.9,14.1,2.3,No
2023-08-06,Sunday,07:00-09:00,67,13.0,60.0,14.5,0,No
2023-08-06,Sunday,09:00-11:00,109,13.0,66.6,14.5,0,No
2023-08-06,Sunday,11:00-13:00,93,16.3,74.4,14.5,0,No
2023-08-06,Sunday,13:00-15:00,99,14.6,65.4,14.5,0,No
2023-08-06,Sunday,15:00-17:00,106,14.5,54.4,14.5,0,No
2023-08-06,Sunday,17:00-19:00,68,19.2,66.6,14.5,0,No
2023-08-07,Monday,07:00-09:00,55,14.2,58.2,20.5,0,No
2023-08-07,Monday,09:00-11:00,134,8.2,67.8,20.5,0,No
2023-08-07,Monday,11:00-13:00,98,19.1,71.4,20.5,0,No
2023-08-07,Monday,13:00-15:00,70,12.3,57.8,20.5,0,No
2023-08-07,Monday,15:00-17:00,82,13.0,63.0,20.5,0,No
2023-08-07,Monday,17:00-19:00,66,12.1,60.4,20.5,0,No
2023-08-08,Tuesday,07:00-09:00,32,17.5,68.6,3.6,1.2,No
2023-08-08,Tuesday,09:00-11:00,62,20.4,59.3,3.6,1.2,No
2023-08-08,Tuesday,11:00-13:00,65,8.2,62.1,3.6,1.2,No
2023-08-08,Tuesday,13:00-15:00,63,14.3,67.6,3.6,1.2,No
2023-08-08,Tuesday,15:00-17:00,89,11.6,67.6,3.6,1.2,No
2023-08-08,Tuesday,17:00-19:00,57,15.6,62.0,3.6,1.2,No
2023-08-09,Wednesday,07:00-09:00,49,10.1,55.3,19.3,1.6,No
2023-08-09,Wednesday,09:00-11:00,95,14.2,56.1,19.3,1.6,No
2023-08-09,Wednesday,11:00-13:00,86,18.3,60.0,19.3,1.6,No
2023-08-09,Wednesday,13:00-15:00,60,15.8,56.1,19.3,1.6,No
2023-08-09,Wednesday,15:00-17:00,99,16.6,63.1,19.3,1.6,No
2023-08-09,Wednesday,17:00-19:00,62,11.8,57.2,19.3,1.6,No
2023-08-10,Thursday,07:00-09:00,28,16.2,62.0,20.3,5.4,No
2023-08-10,Thursday,09:00-11:00,88,18.7,55.2,20.3,5.4,No
2023-08-10,Thursday,11:00-13:00,114,21.2,70.4,20.3,5.4,No
2023-08-10,Thursday,13:00-15:00,45,11.6,68.9,20.3,5.4,No
2023-08-10,Thursday,15:00-17:00,49,8.5,66.6,20.3,5.4,No
2023-08-10,Thursday,17:00-19:00,45,7.5,75.2,20.3,5.4,No
2023-08-11,Friday,07:00-09:00,42,16.0,55.9,20.3,1.9,No
2023-08-11,Friday,09:00-11:00,84,21.5,52.6,20.3,1.9,No
2023-08-11,Friday,11:00-13:00,109,14.0,60.3,20.3,1.9,No
2023-08-11,Friday,13:00-15:00,89,11.5,55.7,20.3,1.9,No
2023-08-11,Friday,15:00-17:00,104,13.8,61.6,20.3,1.9,No
2023-08-11,Friday,17:00-19:00,59,13.1,61.1,20.3,1.9,No
2023-08-12,Saturday,07:00-09:00,55,11.2,68.1,13.2,0,No
2023-08-12,Saturday,09:00-11:00,149,11.0,54.0,13.2,0,No
2023-08-12,Saturday,11:00-13:00,168,16.3,52.4,13.2,0,No
2023-08-12,Saturday,13:00-15:00,84,13.3,57.2,13.2,0,No
2023-08-12,Saturday,15:00-17:00,115,12.7,64.0,13.2,0,No
2023-08-12,Saturday,17:00-19:00,72,8.1,66.4,13.2,0,No
2023-08-13,Sunday,07:00-09:00,39,21.7,54.7,8.8,9.3,No
2023-08-13,Sunday,09:00-11:00,63,11.0,72.4,8.8,9.3,No
2023-08-13,Sunday,11:00-13:00,138,9.0,73.4,8.8,9.3,No
2023-08-13,Sunday,13:00-15:00,98,13.3,54.5,8.8,9.3,No
2023-08-13,Sunday,15:00-17:00,96,14.5,51.7,8.8,9.3,No
2023-08-13,Sunday,17:00-19:00,59,16.4,64.0,8.8,9.3,No
2023-08-14,Monday,07:00-09:00,46,16.4,72.5,15.3,0,No
2023-08-14,Monday,09:00-11:00,100,12.5,54.4,15.3,0,No
2023-08-14,Monday,11:00-13:00,90,8.2,68.4,15.3,0,No
2023-08-14,Monday,13:00-15:00,69,12.1,60.5,15.3,0,No
2023-08-14,Monday,15:00-17:00,57,15.6,77.8,15.3,0,No
2023-08-14,Monday,17:00-19:00,69,21.6,71.4,15.3,0,No
2023-08-15,Tuesday,07:00-09:00,36,19.1,66.8,16.4,3.5,No
2023-08-15,Tuesday,09:00-11:00,84,19.7,62.7,16.4,3.5,No
2023-08-15,Tuesday,11:00-13:00,62,16.0,68.4,16.4,3.5,No
2023-08-15,Tuesday,13:00-15:00,60,10.0,44.6,16.4,3.5,No
2023-08-15,Tuesday,15:00-17:00,89,9.0,61.5,16.4,3.5,No
2023-08-15,Tuesday,17:00-19:00,42,11.6,66.5,16.4,3.5,No
2023-08-16,Wednesday,07:00-09:00,20,17.9,61.2,13.1,7.1,No
2023-08-16,Wednesday,09:00-11:00,77,17.1,61.2,13.1,7.1,No
2023-08-16,Wednesday,11:00-13:00,74,14.7,57.3,13.1,7.1,No
2023-08-16,Wednesday,13:00-15:00,61,14.7,52.4,13.1,7.1,No
2023-08-16,Wednesday,15:00-17:00,70,8.6,71.4,13.1,7.1,No
2023-08-16,Wednesday,17:00-19:00,62,12.0,59.6,13.1,7.1,No
2023-08-17,Thursday,07:00-09:00,26,16.3,59.3,-8.2,0,No
2023-08-17,Thursday,09:00-11:00,61,8.2,79.6,-8.2,0,No
2023-08-17,Thursday,11:00-13:00,59,11.9,60.9,-8.2,0,No
2023-08-17,Thursday,13:00-15:00,72,14.7,67.4,-8.2,0,No
2023-08-17,Thursday,15:00-17:00,63,23.0,50.8,-8.2,0,No
2023-08-17,Thursday,17:00-19:00,43,9.6,63.4,-8.2,0,No
2023-08-18,Friday,07:00-09:00,23,6.8,60.3,10.4,6.6,No
2023-08-18,Friday,09:00-11:00,73,8.6,75.3,10.4,6.6,No
2023-08-18,Friday,11:00-13:00,93,17.8,53.0,10.4,6.6,No
2023-08-18,Friday,13:00-15:00,75,15.4,69.0,10.4,6.6,No
2023-08-18,Friday,15:00-17:00,68,18.3,62.1,10.4,6.6,No
2023-08-18,Friday,17:00-19:00,30,10.0,54.8,10.4,6.6,No
2023-08-19,Saturday,07:00-09:00,55,14.5,60.2,10.6,0,No
2023-08-19,Saturday,09:00-11:00,100,10.0,62.9,10.6,0,No
2023-08-19,Saturday,11:00-13:00,193,16.3,63.8,10.6,0,No
2023-08-19,Saturday,13:00-15:00,124,15.7,60.3,10.6,0,No
2023-08-19,Saturday,15:00-17:00,98,15.4,52.5,10.6,0,No
2023-08-19,Saturday,17:00-19:00,68,15.2,66.1,10.6,0,No
2023-08-20,Sunday,07:00-09:00,41,9.4,71.9,11.6,7.1,No
2023-08-20,Sunday,09:00-11:00,82,17.8,71.1,11.6,7.1,No
2023-08-20,Sunday,11:00-13:00,110,12.7,74.0,11.6,7.1,No
2023-08-20,Sunday,13:00-15:00,81,16.3,67.7,11.6,7.1,No
2023-08-20,Sunday,15:00-17:00,66,16.7,59.1,11.6,7.1,No
2023-08-20,Sunday,17:00-19:00,48,15.6,68.1,11.6,7.1,No
2023-08-21,Monday,07:00-09:00,21,16.5,67.8,21.3,9.2,No
2023-08-21,Monday,09:00-11:00,84,14.1,61.2,21.3,9.2,No
2023-08-21,Monday,11:00-13:00,86,15.5,54.4,21.3,9.2,No
2023-08-21,Monday,13:00-15:00,48,15.1,70.8,21.3,9.2,No
2023-08-21,Monday,15:00-17:00,48,17.1,62.8,21.3,9.2,No
2023-08-21,Monday,17:00-19:00,63,11.3,66.5,21.3,9.2,No
2023-08-22,Tuesday,07:00-09:00,46,16.9,54.6,22.4,0.4,No
2023-08-22,Tuesday,09:00-11:00,70,9.9,56.3,22.4,0.4,No
2023-08-22,Tuesday,11:00-13:00,105,18.9,63.8,22.4,0.4,No
2023-08-22,Tuesday,13:00-15:00,77,15.9,58.7,22.4,0.4,No
2023-08-22,Tuesday,15:00-17:00,89,17.8,61.5,22.4,0.4,No
2023-08-22,Tuesday,17:00-19:00,60,10.7,57.3,22.4,0.4,No
2023-08-23,Wednesday,07:00-09:00,41,14.0,60.9,20.1,3.3,No
2023-08-23,Wednesday,09:00-11:00,93,12.1,65.4,20.1,3.3,No
2023-08-23,Wednesday,11:00-13:00,116,16.8,57.9,20.1,3.3,No
2023-08-23,Wednesday,13:00-15:00,54,13.3,81.9,20.1,3.3,No
2023-08-23,Wednesday,15:00-17:00,83,17.6,58.2,20.1,3.3,No
2023-08-23,Wednesday,17:00-19:00,52,15.3,55.1,20.1,3.3,No
2023-08-24,Thursday,07:00-09:00,34,18.1,64.2,13.7,0,No
2023-08-24,Thursday,09:00-11:00,100,7.9,61.5,13.7,0,No
2023-08-24,Thursday,11:00-13:00,142,14.4,58.0,13.7,0,No
2023-08-24,Thursday,13:00-15:00,61,18.0,64.8,13.7,0,No
2023-08-24,Thursday,15:00-17:00,82,12.0,68.1,13.7,0,No
2023-08-24,Thursday,17:00-19:00,36,7.0,61.8,13.7,0,No
2023-08-25,Friday,07:00-09:00,49,13.7,65.6,11.4,0,No
2023-08-25,Friday,09:00-11:00,106,14.5,45.9,11.4,0,No
2023-08-25,Friday,11:00-13:00,113,14.2,73.9,11.4,0,No
2023-08-25,Friday,13:00-15:00,64,13.8,71.6,11.4,0,No
2023-08-25,Friday,15:00-17:00,59,8.7,53.8,11.4,0,No
2023-08-25,Friday,17:00-19:00,60,21.8,66.0,11.4,0,No
2023-08-26,Saturday,07:00-09:00,50,11.8,51.3,12.5,2.3,No
2023-08-26,Saturday,09:00-11:00,124,14.1,60.3,12.5,2.3,No
2023-08-26,Saturday,11:00-13:00,136,17.3,54.5,12.5,2.3,No
2023-08-26,Saturday,13:00-15:00,94,13.7,64.1,12.5,2.3,No
2023-08-26,Saturday,15:00-17:00,118,18.2,54.1,12.5,2.3,No
2023-08-26,Saturday,17:00-19:00,67,16.2,70.8,12.5,2.3,No
2023-08-27,Sunday,07:00-09:00,39,14.3,57.0,18.1,3.6,No
2023-08-27,Sunday,09:00-11:00,128,7.4,50.0,18.1,3.6,No
2023-08-27,Sunday,11:00-13:00,176,8.7,66.4,18.1,3.6,No
2023-08-27,Sunday,13:00-15:00,73,17.4,63.8,18.1,3.6,No
2023-08-27,Sunday,15:00-17:00,120,15.3,59.6,18.1,3.6,No
2023-08-27,Sunday,17:00-19:00,51,17.9,67.7,18.1,3.6,No
2023-08-28,Monday,07:00-09:00,42,11.4,57.9,13.9,0,No
2023-08-28,Monday,09:00-11:00,99,13.9,49.2,13.9,0,No
2023-08-28,Monday,11:00-13:00,113,12.4,79.7,13.9,0,No
2023-08-28,Monday,13:00-15:00,55,15.4,52.0,13.9,0,No
2023-08-28,Monday,15:00-17:00,103,13.8,48.2,13.9,0,No
2023-08-28,Monday,17:00-19:00,52,13.6,59.6,13.9,0,No
2023-08-29,Tuesday,07:00-09:00,49,12.7,60.1,10.0,0.8,No
2023-08-29,Tuesday,09:00-11:00,77,12.8,62.0,10.0,0.8,No
2023-08-29,Tuesday,11:00-13:00,96,15.5,61.8,10.0,0.8,No
2023-08-29,Tuesday,13:00-15:00,68,15.9,75.5,10.0,0.8,No
2023-08-29,Tuesday,15:00-17:00,71,11.3,48.3,10.0,0.8,No
2023-08-29,Tuesday,17:00-19:00,57,12.8,59.3,10.0,0.8,No
2023-08-30,Wednesday,07:00-09:00,35,19.4,60.5,17.0,8.2,No
2023-08-30,Wednesday,09:00-11:00,44,9.9,64.0,17.0,8.2,No
2023-08-30,Wednesday,11:00-13:00,61,11.2,51.9,17.0,8.2,No
2023-08-30,Wednesday,13:00-15:00,54,12.1,67.9,17.0,8.2,No
2023-08-30,Wednesday,15:00-17:00,63,11.9,67.7,17.0,8.2,No
2023-08-30,Wednesday,17:00-19:00,31,11.6,61.0,17.0,8.2,No
2023-08-31,Thursday,07:00-09:00,30,9.6,70.1,8.7,4.6,No
2023-08-31,Thursday,09:00-11:00,81,15.7,61.7,8.7,4.6,No
2023-08-31,Thursday,11:00-13:00,88,9.1,57.6,8.7,4.6,No
2023-08-31,Thursday,13:00-15:00,76,9.7,64.7,8.7,4.6,No
2023-08-31,Thursday,15:00-17:00,74,18.4,54.7,8.7,4.6,No
2023-08-31,Thursday,17:00-19:00,35,8.1,68.9,8.7,4.6,No
2023-09-01,Friday,07:00-09:00,46,1.9,55.0,15.1,0,No
2023-09-01,Friday,09:00-11:00,108,7.0,75.5,15.1,0,No
2023-09-01,Friday,11:00-13:00,129,16.8,62.9,15.1,0,No
2023-09-01,Friday,13:00-15:00,79,12.0,77.5,15.1,0,No
2023-09-01,Friday,15:00-17:00,88,2.5,72.0,15.1,0,No
2023-09-01,Friday,17:00-19:00,56,12.3,66.5,15.1,0,No
2023-09-02,Saturday,07:00-09:00,68,8.4,55.7,20.2,0.1,No
2023-09-02,Saturday,09:00-11:00,112,10.2,53.6,20.2,0.1,No
2023-09-02,Saturday,11:00-13:00,138,13.9,63.3,20.2,0.1,No
2023-09-02,Saturday,13:00-15:00,116,14.1,55.4,20.2,0.1,No
2023-09-02,Saturday,15:00-17:00,126,12.9,67.7,20.2,0.1,No
2023-09-02,Saturday,17:00-19:00,74,21.5,62.3,20.2,0.1,No
2023-09-03,Sunday,07:00-09:00,62,12.3,54.7,15.9,0,No
2023-09-03,Sunday,09:00-11:00,120,11.7,64.5,15.9,0,No
2023-09-03,Sunday,11:00-13:00,171,14.5,54.7,15.9,0,No
2023-09-03,Sunday,13:00-15:00,90,18.5,67.0,15.9,0,No
2023-09-03,Sunday,15:00-17:00,111,14.5,58.3,15.9,0,No
2023-09-03,Sunday,17:00-19:00,74,9.7,53.4,15.9,0,No
2023-09-04,Monday,07:00-09:00,55,9.8,54.6,16.6,1.7,Yes
2023-09-04,Monday,09:00-11:00,147,17.1,78.6,16.6,1.7,Yes
2023-09-04,Monday,11:00-13:00,134,15.7,62.6,16.6,1.7,Yes
2023-09-04,Monday,13:00-15:00,119,13.4,56.8,16.6,1.7,Yes
2023-09-04,Monday,15:00-17:00,123,15.1,72.3,16.6,1.7,Yes
2023-09-04,Monday,17:00-19:00,84,8.1,65.1,16.6,1.7,Yes
2023-09-05,Tuesday,07:00-09:00,43,18.0,52.9,9.4,3.0,No
2023-09-05,Tuesday,09:00-11:00,55,18.3,48.2,9.4,3.0,No
2023-09-05,Tuesday,11:00-13:00,108,12.4,61.5,9.4,3.0,No
2023-09-05,Tuesday,13:00-15:00,56,13.9,49.9,9.4,3.0,No
2023-09-05,Tuesday,15:00-17:00,55,16.7,54.2,9.4,3.0,No
2023-09-05,Tuesday,17:00-19:00,49,16.1,42.3,9.4,3.0,No
2023-09-06,Wednesday,07:00-09:00,48,8.7,74.6,22.4,0,No
2023-09-06,Wednesday,09:00-11:00,99,7.1,67.7,22.4,0,No
2023-09-06,Wednesday,11:00-13:00,157,16.7,68.1,22.4,0,No
2023-09-06,Wednesday,13:00-15:00,60,17.9,64.0,22.4,0,No
2023-09-06,Wednesday,15:00-17:00,108,11.5,48.9,22.4,0,No
2023-09-06,Wednesday,17:00-19:00,68,20.2,71.4,22.4,0,No
2023-09-07,Thursday,07:00-09:00,50,7.8,54.2,15.5,0,No
2023-09-07,Thursday,09:00-11:00,112,15.9,66.6,15.5,0,No
2023-09-07,Thursday,11:00-13:00,100,14.3,56.1,15.5,0,No
2023-09-07,Thursday,13:00-15:00,90,7.9,65.3,15.5,0,No
2023-09-07,Thursday,15:00-17:00,84,7.3,55.3,15.5,0,No
2023-09-07,Thursday,17:00-19:00,70,11.9,69.7,15.5,0,No
2023-09-08,Friday,07:00-09:00,42,14.5,60.2,14.7,5.2,No
2023-09-08,Friday,09:00-11:00,75,17.8,55.0,14.7,5.2,No
2023-09-08,Friday,11:00-13:00,88,10.7,59.8,14.7,5.2,No
2023-09-08,Friday,13:00-15:00,42,11.9,73.9,14.7,5.2,No
2023-09-08,Friday,15:00-17:00,63,11.9,63.4,14.7,5.2,No
2023-09-08,Friday,17:00-19:00,41,7.8,52.1,14.7,5.2,No
2023-09-09,Saturday,07:00-09:00,58,9.7,62.7,14.7,4.9,No
2023-09-09,Saturday,09:00-11:00,105,10.9,69.2,14.7,4.9,No
2023-09-09,Saturday,11:00-13:00,142,10.5,45.0,14.7,4.9,No
2023-09-09,Saturday,13:00-15:00,84,19.7,60.0,14.7,4.9,No
2023-09-09,Saturday,15:00-17:00,77,11.5,54.3,14.7,4.9,No
2023-09-09,Saturday,17:00-19:00,61,19.2,56.8,14.7,4.9,No
2023-09-10,Sunday,07:00-09:00,59,14.4,60.6,21.3,0,No
2023-09-10,Sunday,09:00-11:00,130,14.4,67.4,21.3,0,No
2023-09-10,Sunday,11:00-13:00,181,18.4,61.5,21.3,0,No
2023-09-10,Sunday,13:00-15:00,98,15.5,70.9,21.3,0,No
2023-09-10,Sunday,15:00-17:00,101,11.6,75.2,21.3,0,No
2023-09-10,Sunday,17:00-19:00,83,17.0,49.2,21.3,0,No
2023-09-11,Monday,07:00-09:00,50,14.8,48.2,25.6,0,No
2023-09-11,Monday,09:00-11:00,75,10.8,61.7,25.6,0,No
2023-09-11,Monday,11:00-13:00,164,12.2,58.8,25.6,0,No
2023-09-11,Monday,13:00-15:00,79,15.3,53.7,25.6,0,No
2023-09-11,Monday,15:00-17:00,81,13.6,63.5,25.6,0,No
2023-09-11,Monday,17:00-19:00,57,21.3,55.8,25.6,0,No
2023-09-12,Tuesday,07:00-09:00,43,24.0,61.4,16.7,8.3,No
2023-09-12,Tuesday,09:00-11:00,79,13.7,49.0,16.7,8.3,No
2023-09-12,Tuesday,11:00-13:00,118,9.7,66.6,16.7,8.3,No
2023-09-12,Tuesday,13:00-15:00,59,14.8,67.8,16.7,8.3,No
2023-09-12,Tuesday,15:00-17:00,60,9.5,75.5,16.7,8.3,No
2023-09-12,Tuesday,17:00-19:00,52,20.7,66.5,16.7,8.3,No
2023-09-13,Wednesday,07:00-09:00,35,15.6,70.6,23.2,4.0,No
2023-09-13,Wednesday,09:00-11:00,100,11.2,58.1,23.2,4.0,No
2023-09-13,Wednesday,11:00-13:00,127,14.3,72.6,23.2,4.0,No
2023-09-13,Wednesday,13:00-15:00,56,8.6,66.0,23.2,4.0,No
2023-09-13,Wednesday,15:00-17:00,60,11.0,62.9,23.2,4.0,No
2023-09-13,Wednesday,17:00-19:00,22,14.0,70.2,23.2,4.0,No
2023-09-14,Thursday,07:00-09:00,28,18.0,59.6,13.5,7.6,No
2023-09-14,Thursday,09:00-11:00,88,13.6,71.8,13.5,7.6,No
2023-09-14,Thursday,11:00-13:00,64,19.1,50.8,13.5,7.6,No
2023-09-14,Thursday,13:00-15:00,50,19.1,70.7,13.5,7.6,No
2023-09-14,Thursday,15:00-17:00,59,14.4,69.5,13.5,7.6,No
2023-09-14,Thursday,17:00-19:00,32,11.5,62.1,13.5,7.6,No
2023-09-15,Friday,07:00-09:00,60,18.5,55.3,15.8,0,No
2023-09-15,Friday,09:00-11:00,115,15.2,57.3,15.8,0,No
2023-09-15,Friday,11:00-13:00,127,15.8,59.6,15.8,0,No
2023-09-15,Friday,13:00-15:00,84,14.5,53.0,15.8,0,No
2023-09-15,Friday,15:00-17:00,71,5.6,64.9,15.8,0,No
2023-09-15,Friday,17:00-19:00,72,12.8,66.7,15.8,0,No
2023-09-16,Saturday,07:00-09:00,59,18.9,57.6,11.1,3.5,No
2023-09-16,Saturday,09:00-11:00,123,8.7,63.8,11.1,3.5,No
2023-09-16,Saturday,11:00-13:00,101,17.2,62.8,11.1,3.5,No
2023-09-16,Saturday,13:00-15:00,92,20.9,55.9,11.1,3.5,No
2023-09-16,Saturday,15:00-17:00,85,16.5,59.8,11.1,3.5,No
2023-09-16,Saturday,17:00-19:00,46,12.6,68.3,11.1,3.5,No
2023-09-17,Sunday,07:00-09:00,75,14.3,69.7,2.5,0,No
2023-09-17,Sunday,09:00-11:00,118,12.7,58.5,2.5,0,No
2023-09-17,Sunday,11:00-13:00,122,14.9,64.2,2.5,0,No
2023-09-17,Sunday,13:00-15:00,79,12.4,56.8,2.5,0,No
2023-09-17,Sunday,15:00-17:00,101,13.2,54.9,2.5,0,No
2023-09-17,Sunday,17:00-19:00,72,7.9,57.3,2.5,0,No
2023-09-18,Monday,07:00-09:00,42,15.2,66.2,18.3,0,No
2023-09-18,Monday,09:00-11:00,101,12.4,43.2,18.3,0,No
2023-09-18,Monday,11:00-13:00,78,8.6,75.2,18.3,0,No
2023-09-18,Monday,13:00-15:00,68,6.2,74.9,18.3,0,No
2023-09-18,Monday,15:00-17:00,83,11.1,72.6,18.3,0,No
2023-09-18,Monday,17:00-19:00,58,15.3,63.0,18.3,0,No
2023-09-19,Tuesday,07:00-09:00,27,15.2,45.8,9.5,6.2,No
2023-09-19,Tuesday,09:00-11:00,73,23.8,71.9,9.5,6.2,No
2023-09-19,Tuesday,11:00-13:00,78,6.6,69.5,9.5,6.2,No
2023-09-19,Tuesday,13:00-15:00,40,9.4,57.4,9.5,6.2,No
2023-09-19,Tuesday,15:00-17:00,47,15.3,50.7,9.5,6.2,No
2023-09-19,Tuesday,17:00-19:00,36,7.1,56.9,9.5,6.2,No
2023-09-20,Wednesday,07:00-09:00,48,6.0,57.9,13.4,0,No
2023-09-20,Wednesday,09:00-11:00,67,17.7,60.0,13.4,0,No
2023-09-20,Wednesday,11:00-13:00,118,7.4,63.5,13.4,0,No
2023-09-20,Wednesday,13:00-15:00,83,14.5,69.5,13.4,0,No
2023-09-20,Wednesday,15:00-17:00,94,24.1,61.4,13.4,0,No
2023-09-20,Wednesday,17:00-19:00,70,16.0,60.2,13.4,0,No
2023-09-21,Thursday,07:00-09:00,49,7.3,63.4,9.7,0,No
2023-09-21,Thursday,09:00-11:00,84,17.9,61.5,9.7,0,No
2023-09-21,Thursday,11:00-13:00,49,8.7,77.7,9.7,0,No
2023-09-21,Thursday,13:00-15:00,63,11.7,70.8,9.7,0,No
2023-09-21,Thursday,15:00-17:00,77,17.5,64.9,9.7,0,No
2023-09-21,Thursday,17:00-19:00,56,18.3,67.6,9.7,0,No
2023-09-22,Friday,07:00-09:00,26,13.3,54.0,18.6,3.5,No
2023-09-22,Friday,09:00-11:00,76,12.5,57.8,18.6,3.5,No
2023-09-22,Friday,11:00-13:00,130,16.7,65.7,18.6,3.5,No
2023-09-22,Friday,13:00-15:00,53,23.9,45.5,18.6,3.5,No
2023-09-22,Friday,15:00-17:00,83,16.9,66.4,18.6,3.5,No
2023-09-22,Friday,17:00-19:00,63,7.3,66.0,18.6,3.5,No
2023-09-23,Saturday,07:00-09:00,69,11.4,59.0,13.7,0,No
2023-09-23,Saturday,09:00-11:00,147,13.6,62.7,13.7,0,No
2023-09-23,Saturday,11:00-13:00,149,16.1,68.5,13.7,0,No
2023-09-23,Saturday,13:00-15:00,84,14.5,52.2,13.7,0,No
2023-09-23,Saturday,15:00-17:00,106,11.8,69.9,13.7,0,No
2023-09-23,Saturday,17:00-19:00,56,19.0,54.1,13.7,0,No
2023-09-24,Sunday,07:00-09:00,63,16.8,70.0,10.4,0.8,No
2023-09-24,Sunday,09:00-11:00,129,15.1,61.2,10.4,0.8,No
2023-09-24,Sunday,11:00-13:00,157,16.7,76.7,10.4,0.8,No
2023-09-24,Sunday,13:00-15:00,102,19.3,56.9,10.4,0.8,No
2023-09-24,Sunday,15:00-17:00,107,16.3,67.8,10.4,0.8,No
2023-09-24,Sunday,17:00-19:00,71,20.0,55.4,10.4,0.8,No
2023-09-25,Monday,07:00-09:00,52,13.3,63.7,31.2,3.4,No
2023-09-25,Monday,09:00-11:00,95,19.3,50.4,31.2,3.4,No
2023-09-25,Monday,11:00-13:00,119,15.2,57.1,31.2,3.4,No
2023-09-25,Monday,13:00-15:00,78,14.7,51.4,31.2,3.4,No
2023-09-25,Monday,15:00-17:00,113,21.4,51.5,31.2,3.4,No
2023-09-25,Monday,17:00-19:00,58,11.6,61.5,31.2,3.4,No
2023-09-26,Tuesday,07:00-09:00,31,10.2,70.3,19.8,11.2,No
2023-09-26,Tuesday,09:00-11:00,62,14.4,65.4,19.8,11.2,No
2023-09-26,Tuesday,11:00-13:00,54,13.8,42.8,19.8,11.2,No
2023-09-26,Tuesday,13:00-15:00,47,17.9,62.8,19.8,11.2,No
2023-09-26,Tuesday,15:00-17:00,23,18.9,68.1,19.8,11.2,No
2023-09-26,Tuesday,17:00-19:00,44,13.5,64.7,19.8,11.2,No
2023-09-27,Wednesday,07:00-09:00,53,20.2,53.5,26.0,0.1,No
2023-09-27,Wednesday,09:00-11:00,80,14.5,61.0,26.0,0.1,No
2023-09-27,Wednesday,11:00-13:00,158,12.6,63.9,26.0,0.1,No
2023-09-27,Wednesday,13:00-15:00,78,15.4,57.9,26.0,0.1,No
2023-09-27,Wednesday,15:00-17:00,109,14.3,67.7,26.0,0.1,No
2023-09-27,Wednesday,17:00-19:00,72,19.2,64.6,26.0,0.1,No
2023-09-28,Thursday,07:00-09:00,30,19.3,65.7,18.3,8.4,No
2023-09-28,Thursday,09:00-11:00,52,16.2,70.6,18.3,8.4,No
2023-09-28,Thursday,11:00-13:00,103,19.9,58.3,18.3,8.4,No
2023-09-28,Thursday,13:00-15:00,41,20.3,55.6,18.3,8.4,No
2023-09-28,Thursday,15:00-17:00,69,14.5,55.6,18.3,8.4,No
2023-09-28,Thursday,17:00-19:00,46,17.0,52.6,18.3,8.4,No
2023-09-29,Friday,07:00-09:00,53,14.8,61.6,16.8,2.2,No
2023-09-29,Friday,09:00-11:00,79,9.8,67.5,16.8,2.2,No
2023-09-29,Friday,11:00-13:00,110,7.6,63.8,16.8,2.2,No
2023-09-29,Friday,13:00-15:00,73,12.4,66.6,16.8,2.2,No
2023-09-29,Friday,15:00-17:00,73,14.7,70.8,16.8,2.2,No
2023-09-29,Friday,17:00-19:00,51,6.6,70.7,16.8,2.2,No
2023-09-30,Saturday,07:00-09:00,43,13.9,45.0,0.3,4.9,No
2023-09-30,Saturday,09:00-11:00,91,13.8,69.1,0.3,4.9,No
2023-09-30,Saturday,11:00-13:00,56,11.5,60.2,0.3,4.9,No
2023-09-30,Saturday,13:00-15:00,61,6.5,62.7,0.3,4.9,No
2023-09-30,Saturday,15:00-17:00,69,13.1,47.6,0.3,4.9,No
2023-09-30,Saturday,17:00-19:00,50,17.7,71.2,0.3,4.9,No
2023-10-01,Sunday,07:00-09:00,61,19.4,62.0,14.5,0,No
2023-10-01,Sunday,09:00-11:00,139,13.6,55.3,14.5,0,No
2023-10-01,Sunday,11:00-13:00,149,9.7,53.9,14.5,0,No
2023-10-01,Sunday,13:00-15:00,90,17.1,61.5,14.5,0,No
2023-10-01,Sunday,15:00-17:00,123,11.9,58.8,14.5,0,No
2023-10-01,Sunday,17:00-19:00,81,13.3,46.5,14.5,0,No
2023-10-02,Monday,07:00-09:00,37,8.8,63.3,14.8,0,No
2023-10-02,Monday,09:00-11:00,93,9.0,50.6,14.8,0,No
2023-10-02,Monday,11:00-13:00,116,18.0,71.1,14.8,0,No
2023-10-02,Monday,13:00-15:00,74,15.6,58.0,14.8,0,No
2023-10-02,Monday,15:00-17:00,109,6.2,41.2,14.8,0,No
2023-10-02,Monday,17:00-19:00,74,11.0,63.8,14.8,0,No
2023-10-03,Tuesday,07:00-09:00,28,10.0,47.9,2.7,4.4,No
2023-10-03,Tuesday,09:00-11:00,114,15.4,68.7,2.7,4.4,No
2023-10-03,Tuesday,11:00-13:00,106,9.0,58.5,2.7,4.4,No
2023-10-03,Tuesday,13:00-15:00,54,18.2,51.3,2.7,4.4,No
2023-10-03,Tuesday,15:00-17:00,58,21.0,60.4,2.7,4.4,No
2023-10-03,Tuesday,17:00-19:00,42,12.3,61.0,2.7,4.4,No
2023-10-04,Wednesday,07:00-09:00,61,18.3,67.2,29.9,0.8,No
2023-10-04,Wednesday,09:00-11:00,115,9.1,65.0,29.9,0.8,No
2023-10-04,Wednesday,11:00-13:00,176,10.1,67.0,29.9,0.8,No
2023-10-04,Wednesday,13:00-15:00,80,17.5,46.9,29.9,0.8,No
2023-10-04,Wednesday,15:00-17:00,85,13.8,56.2,29.9,0.8,No
2023-10-04,Wednesday,17:00-19:00,48,16.1,74.5,29.9,0.8,No
2023-10-05,Thursday,07:00-09:00,30,12.1,71.4,1.3,0.9,No
2023-10-05,Thursday,09:00-11:00,84,8.0,59.0,1.3,0.9,No
2023-10-05,Thursday,11:00-13:00,108,14.0,68.6,1.3,0.9,No
2023-10-05,Thursday,13:00-15:00,77,8.8,50.1,1.3,0.9,No
2023-10-05,Thursday,15:00-17:00,75,23.1,59.9,1.3,0.9,No
2023-10-05,Thursday,17:00-19:00,36,18.0,59.7,1.3,0.9,No
2023-10-06,Friday,07:00-09:00,49,13.2,54.5,15.7,3.2,No
2023-10-06,Friday,09:00-11:00,96,10.0,66.3,15.7,3.2,No
2023-10-06,Friday,11:00-13:00,88,19.8,61.0,15.7,3.2,No
2023-10-06,Friday,13:00-15:00,69,12.5,50.5,15.7,3.2,No
2023-10-06,Friday,15:00-17:00,80,20.3,59.5,15.7,3.2,No
2023-10-06,Friday,17:00-19:00,49,14.1,57.6,15.7,3.2,No
2023-10-07,Saturday,07:00-09:00,77,12.1,69.9,10.3,2.3,No
2023-10-07,Saturday,09:00-11:00,108,16.2,69.0,10.3,2.3,No
2023-10-07,Saturday,11:00-13:00,122,12.4,58.6,10.3,2.3,No
2023-10-07,Saturday,13:00-15:00,93,16.1,60.6,10.3,2.3,No
2023-10-07,Saturday,15:00-17:00,79,17.7,51.7,10.3,2.3,No
2023-10-07,Saturday,17:00-19:00,60,14.6,66.3,10.3,2.3,No
2023-10-08,Sunday,07:00-09:00,43,10.3,48.4,13.9,5.5,No
2023-10-08,Sunday,09:00-11:00,95,11.6,58.6,13.9,5.5,No
2023-10-08,Sunday,11:00-13:00,87,16.8,51.4,13.9,5.5,No
2023-10-08,Sunday,13:00-15:00,72,18.7,75.6,13.9,5.5,No
2023-10-08,Sunday,15:00-17:00,89,7.6,75.8,13.9,5.5,No
2023-10-08,Sunday,17:00-19:00,43,21.4,65.9,13.9,5.5,No
2023-10-09,Monday,07:00-09:00,28,15.1,58.0,14.6,7.6,No
2023-10-09,Monday,09:00-11:00,35,10.7,62.5,14.6,7.6,No
2023-10-09,Monday,11:00-13:00,73,13.8,59.7,14.6,7.6,No
2023-10-09,Monday,13:00-15:00,20,16.0,57.5,14.6,7.6,No
2023-10-09,Monday,15:00-17:00,69,10.2,59.5,14.6,7.6,No
2023-10-09,Monday,17:00-19:00,30,15.8,63.3,14.6,7.6,No
2023-10-10,Tuesday,07:00-09:00,46,5.4,57.5,16.9,0,No
2023-10-10,Tuesday,09:00-11:00,85,12.5,56.7,16.9,0,No
2023-10-10,Tuesday,11:00-13:00,115,14.5,59.9,16.9,0,No
2023-10-10,Tuesday,13:00-15:00,60,11.6,59.1,16.9,0,No
2023-10-10,Tuesday,15:00-17:00,75,15.3,77.0,16.9,0,No
2023-10-10,Tuesday,17:00-19:00,58,8.6,62.8,16.9,0,No
2023-10-11,Wednesday,07:00-09:00,51,9.7,65.7,5.0,0,No
2023-10-11,Wednesday,09:00-11:00,87,17.0,52.2,5.0,0,No
2023-10-11,Wednesday,11:00-13:00,111,15.0,67.8,5.0,0,No
2023-10-11,Wednesday,13:00-15:00,64,8.5,55.9,5.0,0,No
2023-10-11,Wednesday,15:00-17:00,54,9.5,61.5,5.0,0,No
2023-10-11,Wednesday,17:00-19:00,49,11.4,55.1,5.0,0,No
2023-10-12,Thursday,07:00-09:00,41,14.9,66.5,-0.5,3.9,No
2023-10-12,Thursday,09:00-11:00,41,6.1,69.3,-0.5,3.9,No
2023-10-12,Thursday,11:00-13:00,83,16.5,57.1,-0.5,3.9,No
2023-10-12,Thursday,13:00-15:00,43,12.9,70.0,-0.5,3.9,No
2023-10-12,Thursday,15:00-17:00,74,14.8,67.8,-0.5,3.9,No
2023-10-12,Thursday,17:00-19:00,34,12.5,55.2,-0.5,3.9,No
2023-10-13,Friday,07:00-09:00,49,10.5,58.4,21.3,1.3,No
2023-10-13,Friday,09:00-11:00,73,14.3,57.3,21.3,1.3,No
2023-10-13,Friday,11:00-13:00,79,11.1,54.2,21.3,1.3,No
2023-10-13,Friday,13:00-15:00,57,14.1,48.1,21.3,1.3,No
2023-10-13,Friday,15:00-17:00,92,18.2,68.3,21.3,1.3,No
2023-10-13,Friday,17:00-19:00,63,7.0,58.6,21.3,1.3,No
2023-10-14,Saturday,07:00-09:00,58,22.3,68.9,21.8,1.3,No
2023-10-14,Saturday,09:00-11:00,138,9.9,54.1,21.8,1.3,No
2023-10-14,Saturday,11:00-13:00,158,11.3,67.7,21.8,1.3,No
2023-10-14,Saturday,13:00-15:00,89,11.8,69.3,21.8,1.3,No
2023-10-14,Saturday,15:00-17:00,109,15.8,62.7,21.8,1.3,No
2023-10-14,Saturday,17:00-19:00,80,15.3,68.4,21.8,1.3,No
2023-10-15,Sunday,07:00-09:00,49,18.9,66.9,3.5,1.8,No
2023-10-15,Sunday,09:00-11:00,125,15.6,63.6,3.5,1.8,No
2023-10-15,Sunday,11:00-13:00,117,5.4,53.9,3.5,1.8,No
2023-10-15,Sunday,13:00-15:00,60,16.2,67.8,3.5,1.8,No
2023-10-15,Sunday,15:00-17:00,88,15.7,50.4,3.5,1.8,No
2023-10-15,Sunday,17:00-19:00,76,13.3,45.7,3.5,1.8,No
2023-10-16,Monday,07:00-09:00,55,13.4,64.4,18.3,0,No
2023-10-16,Monday,09:00-11:00,127,14.1,66.6,18.3,0,No
2023-10-16,Monday,11:00-13:00,123,14.0,64.0,18.3,0,No
2023-10-16,Monday,13:00-15:00,94,15.6,78.0,18.3,0,No
2023-10-16,Monday,15:00-17:00,62,16.7,66.1,18.3,0,No
2023-10-16,Monday,17:00-19:00,66,21.7,58.5,18.3,0,No
2023-10-17,Tuesday,07:00-09:00,11,9.0,63.8,6.4,2.5,No
2023-10-17,Tuesday,09:00-11:00,87,10.0,61.1,6.4,2.5,No
2023-10-17,Tuesday,11:00-13:00,57,10.1,57.3,6.4,2.5,No
2023-10-17,Tuesday,13:00-15:00,66,15.1,54.7,6.4,2.5,No
2023-10-17,Tuesday,15:00-17:00,74,10.0,50.0,6.4,2.5,No
2023-10-17,Tuesday,17:00-19:00,64,14.5,71.9,6.4,2.5,No
2023-10-18,Wednesday,07:00-09:00,36,20.8,57.8,25.9,4.9,No
2023-10-18,Wednesday,09:00-11:00,59,12.4,60.3,25.9,4.9,No
2023-10-18,Wednesday,11:00-13:00,155,8.2,59.4,25.9,4.9,No
2023-10-18,Wednesday,13:00-15:00,52,19.9,71.2,25.9,4.9,No
2023-10-18,Wednesday,15:00-17:00,78,17.7,55.5,25.9,4.9,No
2023-10-18,Wednesday,17:00-19:00,27,15.2,56.9,25.9,4.9,No
2023-10-19,Thursday,07:00-09:00,23,15.1,59.5,13.2,9.6,No
2023-10-19,Thursday,09:00-11:00,59,14.8,62.0,13.2,9.6,No
2023-10-19,Thursday,11:00-13:00,49,15.8,69.2,13.2,9.6,No
2023-10-19,Thursday,13:00-15:00,40,13.6,59.2,13.2,9.6,No
2023-10-19,Thursday,15:00-17:00,34,21.9,61.0,13.2,9.6,No
2023-10-19,Thursday,17:00-19:00,45,14.8,60.9,13.2,9.6,No
2023-10-20,Friday,07:00-09:00,44,11.9,52.6,8.1,0,No
2023-10-20,Friday,09:00-11:00,102,11.7,73.5,8.1,0,No
2023-10-20,Friday,11:00-13:00,103,16.7,64.9,8.1,0,No
2023-10-20,Friday,13:00-15:00,54,8.3,69.5,8.1,0,No
2023-10-20,Friday,15:00-17:00,97,13.3,75.8,8.1,0,No
2023-10-20,Friday,17:00-19:00,33,20.3,66.4,8.1,0,No
2023-10-21,Saturday,07:00-09:00,59,14.6,57.9,3.2,0,No
2023-10-21,Saturday,09:00-11:00,118,17.8,83.0,3.2,0,No
2023-10-21,Saturday,11:00-13:00,147,2.0,63.0,3.2,0,No
2023-10-21,Saturday,13:00-15:00,85,19.8,56.4,3.2,0,No
2023-10-21,Saturday,15:00-17:00,97,15.5,51.8,3.2,0,No
2023-10-21,Saturday,17:00-19:00,77,11.1,48.7,3.2,0,No
2023-10-22,Sunday,07:00-09:00,50,11.9,60.1,8.3,5.1,No
2023-10-22,Sunday,09:00-11:00,104,11.2,64.6,8.3,5.1,No
2023-10-22,Sunday,11:00-13:00,128,15.7,64.3,8.3,5.1,No
2023-10-22,Sunday,13:00-15:00,84,13.0,59.4,8.3,5.1,No
2023-10-22,Sunday,15:00-17:00,78,14.5,61.2,8.3,5.1,No
2023-10-22,Sunday,17:00-19:00,78,18.7,65.8,8.3,5.1,No
2023-10-23,Monday,07:00-09:00,69,14.1,69.1,13.5,0.4,No
2023-10-23,Monday,09:00-11:00,92,11.5,75.5,13.5,0.4,No
2023-10-23,Monday,11:00-13:00,94,12.4,66.5,13.5,0.4,No
2023-10-23,Monday,13:00-15:00,74,10.9,54.9,13.5,0.4,No
2023-10-23,Monday,15:00-17:00,43,11.6,71.9,13.5,0.4,No
2023-10-23,Monday,17:00-19:00,64,16.2,68.4,13.5,0.4,No
2023-10-24,Tuesday,07:00-09:00,46,8.3,47.3,18.8,5.9,No
2023-10-24,Tuesday,09:00-11:00,75,8.7,65.8,18.8,5.9,No
2023-10-24,Tuesday,11:00-13:00,131,10.7,63.1,18.8,5.9,No
2023-10-24,Tuesday,13:00-15:00,53,22.6,54.5,18.8,5.9,No
2023-10-24,Tuesday,15:00-17:00,85,17.8,57.9,18.8,5.9,No
2023-10-24,Tuesday,17:00-19:00,43,16.1,65.1,18.8,5.9,No
2023-10-25,Wednesday,07:00-09:00,33,17.8,53.8,21.2,6.6,No
2023-10-25,Wednesday,09:00-11:00,50,16.0,43.2,21.2,6.6,No
2023-10-25,Wednesday,11:00-13:00,89,12.7,62.1,21.2,6.6,No
2023-10-25,Wednesday,13:00-15:00,66,18.5,59.7,21.2,6.6,No
2023-10-25,Wednesday,15:00-17:00,68,12.9,83.2,21.2,6.6,No
2023-10-25,Wednesday,17:00-19:00,56,6.4,63.9,21.2,6.6,No
2023-10-26,Thursday,07:00-09:00,30,9.8,71.8,7.8,0,No
2023-10-26,Thursday,09:00-11:00,100,18.4,56.6,7.8,0,No
2023-10-26,Thursday,11:00-13:00,100,9.4,62.5,7.8,0,No
2023-10-26,Thursday,13:00-15:00,50,13.6,66.2,7.8,0,No
2023-10-26,Thursday,15:00-17:00,79,10.7,56.3,7.8,0,No
2023-10-26,Thursday,17:00-19:00,46,10.7,68.5,7.8,0,No
2023-10-27,Friday,07:00-09:00,32,14.4,47.9,8.0,2.2,No
2023-10-27,Friday,09:00-11:00,80,12.6,73.8,8.0,2.2,No
2023-10-27,Friday,11:00-13:00,133,16.6,63.3,8.0,2.2,No
2023-10-27,Friday,13:00-15:00,67,19.2,53.7,8.0,2.2,No
2023-10-27,Friday,15:00-17:00,63,12.9,61.0,8.0,2.2,No
2023-10-27,Friday,17:00-19:00,51,24.3,65.6,8.0,2.2,No
2023-10-28,Saturday,07:00-09:00,34,12.2,58.6,9.4,4.5,No
2023-10-28,Saturday,09:00-11:00,83,6.2,61.2,9.4,4.5,No
2023-10-28,Saturday,11:00-13:00,90,13.7,67.3,9.4,4.5,No
2023-10-28,Saturday,13:00-15:00,79,11.5,63.4,9.4,4.5,No
2023-10-28,Saturday,15:00-17:00,90,17.5,59.9,9.4,4.5,No
2023-10-28,Saturday,17:00-19:00,49,9.0,57.2,9.4,4.5,No
2023-10-29,Sunday,07:00-09:00,64,12.8,57.6,22.5,3.1,No
2023-10-29,Sunday,09:00-11:00,155,9.2,47.0,22.5,3.1,No
2023-10-29,Sunday,11:00-13:00,142,16.2,57.6,22.5,3.1,No
2023-10-29,Sunday,13:00-15:00,100,17.5,58.0,22.5,3.1,No
2023-10-29,Sunday,15:00-17:00,118,18.5,57.5,22.5,3.1,No
2023-10-29,Sunday,17:00-19:00,69,19.3,56.3,22.5,3.1,No
2023-10-30,Monday,07:00-09:00,38,22.8,51.9,10.7,0,No
2023-10-30,Monday,09:00-11:00,61,13.5,62.6,10.7,0,No
2023-10-30,Monday,11:00-13:00,119,10.5,64.9,10.7,0,No
2023-10-30,Monday,13:00-15:00,63,14.6,56.0,10.7,0,No
2023-10-30,Monday,15:00-17:00,102,14.4,75.2,10.7,0,No
2023-10-30,Monday,17:00-19:00,59,18.2,70.9,10.7,0,No
2023-10-31,Tuesday,07:00-09:00,51,20.0,71.1,18.6,2.8,No
2023-10-31,Tuesday,09:00-11:00,95,17.3,73.4,18.6,2.8,No
2023-10-31,Tuesday,11:00-13:00,137,12.2,59.8,18.6,2.8,No
2023-10-31,Tuesday,13:00-15:00,58,12.2,77.3,18.6,2.8,No
2023-10-31,Tuesday,15:00-17:00,76,20.7,48.8,18.6,2.8,No
2023-10-31,Tuesday,17:00-19:00,66,14.5,65.3,18.6,2.8,No
2023-11-01,Wednesday,07:00-09:00,46,13.9,58.1,18.1,0,No
2023-11-01,Wednesday,09:00-11:00,98,17.9,63.9,18.1,0,No
2023-11-01,Wednesday,11:00-13:00,145,17.1,69.8,18.1,0,No
2023-11-01,Wednesday,13:00-15:00,81,9.5,71.5,18.1,0,No
2023-11-01,Wednesday,15:00-17:00,63,16.4,57.1,18.1,0,No
2023-11-01,Wednesday,17:00-19:00,49,20.8,59.8,18.1,0,No
2023-11-02,Thursday,07:00-09:00,50,14.2,65.9,14.6,0.8,No
2023-11-02,Thursday,09:00-11:00,81,16.0,70.0,14.6,0.8,No
2023-11-02,Thursday,11:00-13:00,117,13.2,47.9,14.6,0.8,No
2023-11-02,Thursday,13:00-15:00,91,11.1,61.8,14.6,0.8,No
2023-11-02,Thursday,15:00-17:00,72,11.4,61.7,14.6,0.8,No
2023-11-02,Thursday,17:00-19:00,53,6.8,67.6,14.6,0.8,No
2023-11-03,Friday,07:00-09:00,50,18.3,60.4,9.7,0.0,No
2023-11-03,Friday,09:00-11:00,96,18.4,65.8,9.7,0.0,No
2023-11-03,Friday,11:00-13:00,141,14.7,60.9,9.7,0.0,No
2023-11-03,Friday,13:00-15:00,58,22.4,66.1,9.7,0.0,No
2023-11-03,Friday,15:00-17:00,79,13.6,64.8,9.7,0.0,No
2023-11-03,Friday,17:00-19:00,54,10.1,68.7,9.7,0.0,No
2023-11-04,Saturday,07:00-09:00,78,15.1,76.8,23.4,0,No
2023-11-04,Saturday,09:00-11:00,141,8.8,63.5,23.4,0,No
2023-11-04,Saturday,11:00-13:00,145,18.0,48.7,23.4,0,No
2023-11-04,Saturday,13:00-15:00,125,14.4,71.3,23.4,0,No
2023-11-04,Saturday,15:00-17:00,122,25.2,56.0,23.4,0,No
2023-11-04,Saturday,17:00-19:00,75,17.5,56.8,23.4,0,No
2023-11-05,Sunday,07:00-09:00,63,20.3,69.7,19.1,0.0,No
2023-11-05,Sunday,09:00-11:00,128,13.9,66.7,19.1,0.0,No
2023-11-05,Sunday,11:00-13:00,160,9.8,61.3,19.1,0.0,No
2023-11-05,Sunday,13:00-15:00,106,7.0,70.8,19.1,0.0,No
2023-11-05,Sunday,15:00-17:00,143,4.5,69.9,19.1,0.0,No
2023-11-05,Sunday,17:00-19:00,90,15.1,69.9,19.1,0.0,No
2023-11-06,Monday,07:00-09:00,31,16.9,54.9,21.6,0,No
2023-11-06,Monday,09:00-11:00,103,12.9,58.3,21.6,0,No
2023-11-06,Monday,11:00-13:00,108,13.4,59.6,21.6,0,No
2023-11-06,Monday,13:00-15:00,62,20.1,57.8,21.6,0,No
2023-11-06,Monday,15:00-17:00,92,10.3,46.5,21.6,0,No
2023-11-06,Monday,17:00-19:00,65,15.0,54.5,21.6,0,No
2023-11-07,Tuesday,07:00-09:00,25,14.9,45.4,12.2,5.7,No
2023-11-07,Tuesday,09:00-11:00,81,21.8,57.6,12.2,5.7,No
2023-11-07,Tuesday,11:00-13:00,76,15.4,53.2,12.2,5.7,No
2023-11-07,Tuesday,13:00-15:00,78,8.9,46.1,12.2,5.7,No
2023-11-07,Tuesday,15:00-17:00,32,18.0,67.4,12.2,5.7,No
2023-11-07,Tuesday,17:00-19:00,44,11.8,60.0,12.2,5.7,No
2023-11-08,Wednesday,07:00-09:00,51,8.3,49.2,27.0,1.4,No
2023-11-08,Wednesday,09:00-11:00,87,16.0,67.7,27.0,1.4,No
2023-11-08,Wednesday,11:00-13:00,123,20.5,62.7,27.0,1.4,No
2023-11-08,Wednesday,13:00-15:00,63,8.8,53.3,27.0,1.4,No
2023-11-08,Wednesday,15:00-17:00,69,12.9,65.5,27.0,1.4,No
2023-11-08,Wednesday,17:00-19:00,62,14.8,62.7,27.0,1.4,No
2023-11-09,Thursday,07:00-09:00,51,15.5,68.8,29.2,0,No
2023-11-09,Thursday,09:00-11:00,100,13.6,41.9,29.2,0,No
2023-11-09,Thursday,11:00-13:00,128,15.4,57.0,29.2,0,No
2023-11-09,Thursday,13:00-15:00,75,17.6,57.1,29.2,0,No
2023-11-09,Thursday,15:00-17:00,90,16.1,57.3,29.2,0,No
2023-11-09,Thursday,17:00-19:00,82,18.4,75.9,29.2,0,No
2023-11-10,Friday,07:00-09:00,48,11.8,51.6,17.1,3.7,No
2023-11-10,Friday,09:00-11:00,74,13.0,55.8,17.1,3.7,No
2023-11-10,Friday,11:00-13:00,110,11.5,76.6,17.1,3.7,No
2023-11-10,Friday,13:00-15:00,84,15.5,60.0,17.1,3.7,No
2023-11-10,Friday,15:00-17:00,102,16.0,53.0,17.1,3.7,No
2023-11-10,Friday,17:00-19:00,52,14.6,51.4,17.1,3.7,No
2023-11-11,Saturday,07:00-09:00,54,15.9,60.5,22.6,1.7,No
2023-11-11,Saturday,09:00-11:00,129,8.0,62.6,22.6,1.7,No
2023-11-11,Saturday,11:00-13:00,147,17.0,68.6,22.6,1.7,No
2023-11-11,Saturday,13:00-15:00,106,16.5,72.0,22.6,1.7,No
2023-11-11,Saturday,15:00-17:00,100,6.0,76.3,22.6,1.7,No
2023-11-11,Saturday,17:00-19:00,93,16.6,60.7,22.6,1.7,No
2023-11-12,Sunday,07:00-09:00,64,7.2,48.0,10.6,0,No
2023-11-12,Sunday,09:00-11:00,158,8.4,62.4,10.6,0,No
2023-11-12,Sunday,11:00-13:00,97,7.3,58.0,10.6,0,No
2023-11-12,Sunday,13:00-15:00,102,2.7,60.1,10.6,0,No
2023-11-12,Sunday,15:00-17:00,111,13.5,60.0,10.6,0,No
2023-11-12,Sunday,17:00-19:00,80,10.3,52.0,10.6,0,No
2023-11-13,Monday,07:00-09:00,28,16.7,73.7,12.8,15.3,No
2023-11-13,Monday,09:00-11:00,62,12.1,55.9,12.8,15.3,No
2023-11-13,Monday,11:00-13:00,116,15.6,63.0,12.8,15.3,No
2023-11-13,Monday,13:00-15:00,48,11.0,59.0,12.8,15.3,No
2023-11-13,Monday,15:00-17:00,61,18.3,52.6,12.8,15.3,No
2023-11-13,Monday,17:00-19:00,48,13.5,69.7,12.8,15.3,No
2023-11-14,Tuesday,07:00-09:00,42,13.8,60.9,8.6,5.6,No
2023-11-14,Tuesday,09:00-11:00,60,12.2,67.1,8.6,5.6,No
2023-11-14,Tuesday,11:00-13:00,89,17.0,69.6,8.6,5.6,No
2023-11-14,Tuesday,13:00-15:00,60,10.6,49.2,8.6,5.6,No
2023-11-14,Tuesday,15:00-17:00,85,9.9,63.4,8.6,5.6,No
2023-11-14,Tuesday,17:00-19:00,40,18.7,71.8,8.6,5.6,No
2023-11-15,Wednesday,07:00-09:00,48,16.1,62.3,15.2,4.5,No
2023-11-15,Wednesday,09:00-11:00,85,19.7,67.8,15.2,4.5,No
2023-11-15,Wednesday,11:00-13:00,94,10.4,64.6,15.2,4.5,No
2023-11-15,Wednesday,13:00-15:00,58,5.0,51.7,15.2,4.5,No
2023-11-15,Wednesday,15:00-17:00,89,12.9,56.2,15.2,4.5,No
2023-11-15,Wednesday,17:00-19:00,60,13.0,60.2,15.2,4.5,No
2023-11-16,Thursday,07:00-09:00,41,12.9,61.3,26.5,8.8,No
2023-11-16,Thursday,09:00-11:00,66,8.4,67.0,26.5,8.8,No
2023-11-16,Thursday,11:00-13:00,97,20.2,53.5,26.5,8.8,No
2023-11-16,Thursday,13:00-15:00,68,16.6,75.8,26.5,8.8,No
2023-11-16,Thursday,15:00-17:00,60,9.5,59.6,26.5,8.8,No
2023-11-16,Thursday,17:00-19:00,33,13.4,51.4,26.5,8.8,No
2023-11-17,Friday,07:00-09:00,46,13.9,68.2,20.6,0,No
2023-11-17,Friday,09:00-11:00,97,17.8,54.7,20.6,0,No
2023-11-17,Friday,11:00-13:00,125,15.9,62.4,20.6,0,No
2023-11-17,Friday,13:00-15:00,69,17.9,51.1,20.6,0,No
2023-11-17,Friday,15:00-17:00,90,18.0,65.5,20.6,0,No
2023-11-17,Friday,17:00-19:00,53,9.1,68.0,20.6,0,No
2023-11-18,Saturday,07:00-09:00,48,16.5,78.8,16.2,5.0,No
2023-11-18,Saturday,09:00-11:00,106,12.7,56.1,16.2,5.0,No
2023-11-18,Saturday,11:00-13:00,131,15.2,44.7,16.2,5.0,No
2023-11-18,Saturday,13:00-15:00,82,20.2,67.0,16.2,5.0,No
2023-11-18,Saturday,15:00-17:00,73,16.5,69.0,16.2,5.0,No
2023-11-18,Saturday,17:00-19:00,57,19.9,60.3,16.2,5.0,No
2023-11-19,Sunday,07:00-09:00,53,10.8,46.0,9.3,8.2,No
2023-11-19,Sunday,09:00-11:00,59,8.2,56.6,9.3,8.2,No
2023-11-19,Sunday,11:00-13:00,96,17.4,64.9,9.3,8.2,No
2023-11-19,Sunday,13:00-15:00,54,12.6,70.8,9.3,8.2,No
2023-11-19,Sunday,15:00-17:00,52,12.1,62.7,9.3,8.2,No
2023-11-19,Sunday,17:00-19:00,57,12.5,54.3,9.3,8.2,No
2023-11-20,Monday,07:00-09:00,55,4.8,48.8,20.2,0,No
2023-11-20,Monday,09:00-11:00,117,11.8,63.0,20.2,0,No
2023-11-20,Monday,11:00-13:00,119,10.1,77.5,20.2,0,No
2023-11-20,Monday,13:00-15:00,69,14.9,54.4,20.2,0,No
2023-11-20,Monday,15:00-17:00,93,12.3,56.3,20.2,0,No
2023-11-20,Monday,17:00-19:00,68,17.6,46.2,20.2,0,No
2023-11-21,Tuesday,07:00-09:00,34,14.7,55.7,26.3,9.9,No
2023-11-21,Tuesday,09:00-11:00,71,15.5,70.9,26.3,9.9,No
2023-11-21,Tuesday,11:00-13:00,104,20.3,65.9,26.3,9.9,No
2023-11-21,Tuesday,13:00-15:00,45,16.0,72.2,26.3,9.9,No
2023-11-21,Tuesday,15:00-17:00,45,14.0,67.5,26.3,9.9,No
2023-11-21,Tuesday,17:00-19:00,32,12.1,55.6,26.3,9.9,No
2023-11-22,Wednesday,07:00-09:00,36,8.7,68.1,30.6,8.1,No
2023-11-22,Wednesday,09:00-11:00,94,11.2,62.2,30.6,8.1,No
2023-11-22,Wednesday,11:00-13:00,47,14.6,57.1,30.6,8.1,No
2023-11-22,Wednesday,13:00-15:00,53,11.9,72.3,30.6,8.1,No
2023-11-22,Wednesday,15:00-17:00,55,10.5,54.8,30.6,8.1,No
2023-11-22,Wednesday,17:00-19:00,46,9.7,70.7,30.6,8.1,No
2023-11-23,Thursday,07:00-09:00,58,14.1,57.9,22.2,5.7,Yes
2023-11-23,Thursday,09:00-11:00,129,19.7,57.8,22.2,5.7,Yes
2023-11-23,Thursday,11:00-13:00,183,9.4,50.5,22.2,5.7,Yes
2023-11-23,Thursday,13:00-15:00,73,10.8,63.0,22.2,5.7,Yes
2023-11-23,Thursday,15:00-17:00,93,20.0,56.5,22.2,5.7,Yes
2023-11-23,Thursday,17:00-19:00,53,20.8,59.0,22.2,5.7,Yes
2023-11-24,Friday,07:00-09:00,37,8.7,64.3,-0.8,0,No
2023-11-24,Friday,09:00-11:00,68,6.2,55.5,-0.8,0,No
2023-11-24,Friday,11:00-13:00,82,21.6,58.6,-0.8,0,No
2023-11-24,Friday,13:00-15:00,67,11.9,70.8,-0.8,0,No
2023-11-24,Friday,15:00-17:00,41,16.0,74.2,-0.8,0,No
2023-11-24,Friday,17:00-19:00,43,17.6,65.2,-0.8,0,No
2023-11-25,Saturday,07:00-09:00,44,10.3,63.6,19.8,8.4,No
2023-11-25,Saturday,09:00-11:00,74,14.1,62.6,19.8,8.4,No
2023-11-25,Saturday,11:00-13:00,96,18.4,49.0,19.8,8.4,No
2023-11-25,Saturday,13:00-15:00,63,18.4,59.5,19.8,8.4,No
2023-11-25,Saturday,15:00-17:00,70,21.6,66.5,19.8,8.4,No
2023-11-25,Saturday,17:00-19:00,73,17.4,78.8,19.8,8.4,No
2023-11-26,Sunday,07:00-09:00,76,17.1,52.6,9.7,0,No
2023-11-26,Sunday,09:00-11:00,118,14.0,69.8,9.7,0,No
2023-11-26,Sunday,11:00-13:00,136,6.5,60.4,9.7,0,No
2023-11-26,Sunday,13:00-15:00,102,13.7,63.9,9.7,0,No
2023-11-26,Sunday,15:00-17:00,98,10.7,52.6,9.7,0,No
2023-11-26,Sunday,17:00-19:00,86,18.3,61.6,9.7,0,No
2023-11-27,Monday,07:00-09:00,32,15.2,70.1,11.6,3.6,No
2023-11-27,Monday,09:00-11:00,71,15.8,72.3,11.6,3.6,No
2023-11-27,Monday,11:00-13:00,90,19.2,61.3,11.6,3.6,No
2023-11-27,Monday,13:00-15:00,63,17.4,64.3,11.6,3.6,No
2023-11-27,Monday,15:00-17:00,61,14.3,65.8,11.6,3.6,No
2023-11-27,Monday,17:00-19:00,39,18.2,63.4,11.6,3.6,No
2023-11-28,Tuesday,07:00-09:00,28,9.6,57.6,12.8,4.2,No
2023-11-28,Tuesday,09:00-11:00,66,14.0,59.7,12.8,4.2,No
2023-11-28,Tuesday,11:00-13:00,62,13.5,59.9,12.8,4.2,No
2023-11-28,Tuesday,13:00-15:00,45,16.0,60.1,12.8,4.2,No
2023-11-28,Tuesday,15:00-17:00,75,15.4,61.2,12.8,4.2,No
2023-11-28,Tuesday,17:00-19:00,43,11.6,67.8,12.8,4.2,No
2023-11-29,Wednesday,07:00-09:00,50,15.7,69.7,21.4,3.8,No
2023-11-29,Wednesday,09:00-11:00,92,15.5,50.1,21.4,3.8,No
2023-11-29,Wednesday,11:00-13:00,97,13.5,63.2,21.4,3.8,No
2023-11-29,Wednesday,13:00-15:00,74,14.6,45.9,21.4,3.8,No
2023-11-29,Wednesday,15:00-17:00,77,15.4,61.3,21.4,3.8,No
2023-11-29,Wednesday,17:00-19:00,50,10.1,52.3,21.4,3.8,No
2023-11-30,Thursday,07:00-09:00,43,4.2,66.2,12.7,2.2,No
2023-11-30,Thursday,09:00-11:00,82,12.3,69.2,12.7,2.2,No
2023-11-30,Thursday,11:00-13:00,90,11.0,55.4,12.7,2.2,No
2023-11-30,Thursday,13:00-15:00,65,20.3,63.9,12.7,2.2,No
2023-11-30,Thursday,15:00-17:00,70,14.8,62.7,12.7,2.2,No
2023-11-30,Thursday,17:00-19:00,54,14.6,71.2,12.7,2.2,No
2023-12-01,Friday,07:00-09:00,47,10.8,65.8,13.1,3.3,No
2023-12-01,Friday,09:00-11:00,66,14.3,62.8,13.1,3.3,No
2023-12-01,Friday,11:00-13:00,79,10.0,61.2,13.1,3.3,No
2023-12-01,Friday,13:00-15:00,75,8.2,71.8,13.1,3.3,No
2023-12-01,Friday,15:00-17:00,72,10.9,67.7,13.1,3.3,No
2023-12-01,Friday,17:00-19:00,69,9.5,69.2,13.1,3.3,No
2023-12-02,Saturday,07:00-09:00,62,12.8,62.7,6.7,3.3,No
2023-12-02,Saturday,09:00-11:00,90,17.0,67.2,6.7,3.3,No
2023-12-02,Saturday,11:00-13:00,160,19.8,65.7,6.7,3.3,No
2023-12-02,Saturday,13:00-15:00,99,13.7,55.3,6.7,3.3,No
2023-12-02,Saturday,15:00-17:00,86,11.4,56.3,6.7,3.3,No
2023-12-02,Saturday,17:00-19:00,57,8.4,64.6,6.7,3.3,No
2023-12-03,Sunday,07:00-09:00,45,11.7,63.2,17.1,10.3,No
2023-12-03,Sunday,09:00-11:00,85,17.8,48.1,17.1,10.3,No
2023-12-03,Sunday,11:00-13:00,116,23.3,56.6,17.1,10.3,No
2023-12-03,Sunday,13:00-15:00,73,19.4,60.9,17.1,10.3,No
2023-12-03,Sunday,15:00-17:00,84,18.0,55.9,17.1,10.3,No
2023-12-03,Sunday,17:00-19:00,48,21.9,60.7,17.1,10.3,No
2023-12-04,Monday,07:00-09:00,45,8.8,50.4,15.1,7.5,No
2023-12-04,Monday,09:00-11:00,45,22.7,55.9,15.1,7.5,No
2023-12-04,Monday,11:00-13:00,76,17.7,57.7,15.1,7.5,No
2023-12-04,Monday,13:00-15:00,49,16.6,63.8,15.1,7.5,No
2023-12-04,Monday,15:00-17:00,65,17.9,64.3,15.1,7.5,No
2023-12-04,Monday,17:00-19:00,38,13.3,62.8,15.1,7.5,No
2023-12-05,Tuesday,07:00-09:00,46,17.0,77.1,17.2,0,No
2023-12-05,Tuesday,09:00-11:00,82,14.8,56.9,17.2,0,No
2023-12-05,Tuesday,11:00-13:00,146,10.8,61.2,17.2,0,No
2023-12-05,Tuesday,13:00-15:00,72,18.1,58.2,17.2,0,No
2023-12-05,Tuesday,15:00-17:00,91,14.2,63.5,17.2,0,No
2023-12-05,Tuesday,17:00-19:00,78,9.5,57.1,17.2,0,No
2023-12-06,Wednesday,07:00-09:00,18,14.8,63.7,13.4,8.2,No
2023-12-06,Wednesday,09:00-11:00,68,13.6,60.2,13.4,8.2,No
2023-12-06,Wednesday,11:00-13:00,40,14.1,43.7,13.4,8.2,No
2023-12-06,Wednesday,13:00-15:00,67,12.9,60.9,13.4,8.2,No
2023-12-06,Wednesday,15:00-17:00,79,16.6,60.7,13.4,8.2,No
2023-12-06,Wednesday,17:00-19:00,46,6.9,63.9,13.4,8.2,No
2023-12-07,Thursday,07:00-09:00,49,11.9,61.5,21.3,2.5,No
2023-12-07,Thursday,09:00-11:00,91,9.2,48.8,21.3,2.5,No
2023-12-07,Thursday,11:00-13:00,122,10.3,70.8,21.3,2.5,No
2023-12-07,Thursday,13:00-15:00,66,14.9,77.4,21.3,2.5,No
2023-12-07,Thursday,15:00-17:00,94,15.1,54.8,21.3,2.5,No
2023-12-07,Thursday,17:00-19:00,49,11.6,62.8,21.3,2.5,No
2023-12-08,Friday,07:00-09:00,41,13.3,61.3,10.8,0,No
2023-12-08,Friday,09:00-11:00,75,15.9,69.2,10.8,0,No
2023-12-08,Friday,11:00-13:00,92,14.7,58.1,10.8,0,No
2023-12-08,Friday,13:00-15:00,92,14.0,52.7,10.8,0,No
2023-12-08,Friday,15:00-17:00,67,13.0,52.1,10.8,0,No
2023-12-08,Friday,17:00-19:00,61,16.7,57.2,10.8,0,No
2023-12-09,Saturday,07:00-09:00,47,6.0,63.2,9.3,5.5,No
2023-12-09,Saturday,09:00-11:00,98,6.1,61.4,9.3,5.5,No
2023-12-09,Saturday,11:00-13:00,95,10.2,47.4,9.3,5.5,No
2023-12-09,Saturday,13:00-15:00,67,17.9,74.1,9.3,5.5,No
2023-12-09,Saturday,15:00-17:00,100,19.7,65.4,9.3,5.5,No
2023-12-09,Saturday,17:00-19:00,72,17.6,66.1,9.3,5.5,No
2023-12-10,Sunday,07:00-09:00,59,14.5,80.7,22.2,5.1,No
2023-12-10,Sunday,09:00-11:00,112,12.8,57.9,22.2,5.1,No
2023-12-10,Sunday,11:00-13:00,140,20.2,60.0,22.2,5.1,No
2023-12-10,Sunday,13:00-15:00,92,13.2,47.8,22.2,5.1,No
2023-12-10,Sunday,15:00-17:00,85,12.8,57.6,22.2,5.1,No
2023-12-10,Sunday,17:00-19:00,59,8.1,55.8,22.2,5.1,No
2023-12-11,Monday,07:00-09:00,44,19.7,68.9,5.9,0,No
2023-12-11,Monday,09:00-11:00,106,14.1,49.3,5.9,0,No
2023-12-11,Monday,11:00-13:00,146,7.4,64.9,5.9,0,No
2023-12-11,Monday,13:00-15:00,53,19.3,55.8,5.9,0,No
2023-12-11,Monday,15:00-17:00,68,20.3,60.2,5.9,0,No
2023-12-11,Monday,17:00-19:00,59,7.6,47.0,5.9,0,No
2023-12-12,Tuesday,07:00-09:00,41,16.6,67.7,15.5,2.7,No
2023-12-12,Tuesday,09:00-11:00,63,18.0,65.6,15.5,2.7,No
2023-12-12,Tuesday,11:00-13:00,139,20.5,61.4,15.5,2.7,No
2023-12-12,Tuesday,13:00-15:00,64,11.0,57.8,15.5,2.7,No
2023-12-12,Tuesday,15:00-17:00,67,16.4,48.9,15.5,2.7,No
2023-12-12,Tuesday,17:00-19:00,36,10.5,53.9,15.5,2.7,No
2023-12-13,Wednesday,07:00-09:00,35,14.0,61.7,5.5,0,No
2023-12-13,Wednesday,09:00-11:00,104,16.0,49.2,5.5,0,No
2023-12-13,Wednesday,11:00-13:00,107,9.8,47.9,5.5,0,No
2023-12-13,Wednesday,13:00-15:00,53,19.8,58.2,5.5,0,No
2023-12-13,Wednesday,15:00-17:00,90,13.9,75.1,5.5,0,No
2023-12-13,Wednesday,17:00-19:00,48,16.6,65.2,5.5,0,No
2023-12-14,Thursday,07:00-09:00,48,9.1,68.5,20.0,3.6,No
2023-12-14,Thursday,09:00-11:00,94,11.2,71.3,20.0,3.6,No
2023-12-14,Thursday,11:00-13:00,88,14.7,50.2,20.0,3.6,No
2023-12-14,Thursday,13:00-15:00,60,8.7,65.3,20.0,3.6,No
2023-12-14,Thursday,15:00-17:00,94,17.4,52.0,20.0,3.6,No
2023-12-14,Thursday,17:00-19:00,44,18.7,63.7,20.0,3.6,No
2023-12-15,Friday,07:00-09:00,42,19.1,65.1,19.6,3.1,No
2023-12-15,Friday,09:00-11:00,68,13.5,56.0,19.6,3.1,No
2023-12-15,Friday,11:00-13:00,124,17.3,66.0,19.6,3.1,No
2023-12-15,Friday,13:00-15:00,80,14.7,60.2,19.6,3.1,No
2023-12-15,Friday,15:00-17:00,65,11.5,53.9,19.6,3.1,No
2023-12-15,Friday,17:00-19:00,29,18.1,66.3,19.6,3.1,No
2023-12-16,Saturday,07:00-09:00,48,8.2,65.5,15.0,6.0,No
2023-12-16,Saturday,09:00-11:00,112,13.1,67.4,15.0,6.0,No
2023-12-16,Saturday,11:00-13:00,137,10.0,49.4,15.0,6.0,No
2023-12-16,Saturday,13:00-15:00,77,17.5,43.8,15.0,6.0,No
2023-12-16,Saturday,15:00-17:00,93,15.6,77.0,15.0,6.0,No
2023-12-16,Saturday,17:00-19:00,80,13.3,60.9,15.0,6.0,No
2023-12-17,Sunday,07:00-09:00,38,16.7,68.1,0.8,2.2,No
2023-12-17,Sunday,09:00-11:00,90,10.0,59.8,0.8,2.2,No
2023-12-17,Sunday,11:00-13:00,142,14.9,61.1,0.8,2.2,No
2023-12-17,Sunday,13:00-15:00,73,21.0,70.5,0.8,2.2,No
2023-12-17,Sunday,15:00-17:00,80,10.1,56.0,0.8,2.2,No
2023-12-17,Sunday,17:00-19:00,60,16.0,60.1,0.8,2.2,No
2023-12-18,Monday,07:00-09:00,46,16.4,56.6,18.4,2.3,No
2023-12-18,Monday,09:00-11:00,72,9.7,58.8,18.4,2.3,No
2023-12-18,Monday,11:00-13:00,137,12.9,58.5,18.4,2.3,No
2023-12-18,Monday,13:00-15:00,66,16.6,63.3,18.4,2.3,No
2023-12-18,Monday,15:00-17:00,71,20.3,56.0,18.4,2.3,No
2023-12-18,Monday,17:00-19:00,60,13.4,61.9,18.4,2.3,No
2023-12-19,Tuesday,07:00-09:00,34,13.4,64.6,8.8,1.5,No
2023-12-19,Tuesday,09:00-11:00,70,14.2,71.1,8.8,1.5,No
2023-12-19,Tuesday,11:00-13:00,108,19.8,56.5,8.8,1.5,No
2023-12-19,Tuesday,13:00-15:00,66,16.4,71.0,8.8,1.5,No
2023-12-19,Tuesday,15:00-17:00,54,8.3,72.7,8.8,1.5,No
2023-12-19,Tuesday,17:00-19:00,57,15.4,58.5,8.8,1.5,No
2023-12-20,Wednesday,07:00-09:00,50,13.9,67.7,15.6,0,No
2023-12-20,Wednesday,09:00-11:00,114,9.2,67.8,15.6,0,No
2023-12-20,Wednesday,11:00-13:00,150,11.1,50.9,15.6,0,No
2023-12-20,Wednesday,13:00-15:00,85,17.4,63.9,15.6,0,No
2023-12-20,Wednesday,15:00-17:00,77,15.6,60.9,15.6,0,No
2023-12-20,Wednesday,17:00-19:00,48,6.8,66.7,15.6,0,No
2023-12-21,Thursday,07:00-09:00,11,15.3,53.8,17.8,10.6,No
2023-12-21,Thursday,09:00-11:00,62,17.9,53.8,17.8,10.6,No
2023-12-21,Thursday,11:00-13:00,78,18.8,58.8,17.8,10.6,No
2023-12-21,Thursday,13:00-15:00,49,10.6,57.1,17.8,10.6,No
2023-12-21,Thursday,15:00-17:00,35,11.6,64.3,17.8,10.6,No
2023-12-21,Thursday,17:00-19:00,21,17.1,63.6,17.8,10.6,No
2023-12-22,Friday,07:00-09:00,39,13.7,67.6,12.8,7.7,No
2023-12-22,Friday,09:00-11:00,45,20.9,54.4,12.8,7.7,No
2023-12-22,Friday,11:00-13:00,56,14.9,62.7,12.8,7.7,No
2023-12-22,Friday,13:00-15:00,26,9.7,56.5,12.8,7.7,No
2023-12-22,Friday,15:00-17:00,49,9.1,63.0,12.8,7.7,No
2023-12-22,Friday,17:00-19:00,34,10.8,72.5,12.8,7.7,No
2023-12-23,Saturday,07:00-09:00,64,13.0,49.2,24.7,1.2,No
2023-12-23,Saturday,09:00-11:00,106,17.8,54.4,24.7,1.2,No
2023-12-23,Saturday,11:00-13:00,169,23.1,59.3,24.7,1.2,No
2023-12-23,Saturday,13:00-15:00,112,17.9,82.0,24.7,1.2,No
2023-12-23,Saturday,15:00-17:00,123,17.4,59.1,24.7,1.2,No
2023-12-23,Saturday,17:00-19:00,74,9.1,55.1,24.7,1.2,No
2023-12-24,Sunday,07:00-09:00,52,7.0,60.0,19.2,7.1,No
2023-12-24,Sunday,09:00-11:00,88,11.5,50.4,19.2,7.1,No
2023-12-24,Sunday,11:00-13:00,107,13.1,52.6,19.2,7.1,No
2023-12-24,Sunday,13:00-15:00,79,18.7,70.6,19.2,7.1,No
2023-12-24,Sunday,15:00-17:00,84,16.9,52.8,19.2,7.1,No
2023-12-24,Sunday,17:00-19:00,51,9.6,76.3,19.2,7.1,No
2023-12-25,Monday,07:00-09:00,62,18.0,70.1,17.8,0,Yes
2023-12-25,Monday,09:00-11:00,138,12.3,67.2,17.8,0,Yes
2023-12-25,Monday,11:00-13:00,187,14.9,54.8,17.8,0,Yes
2023-12-25,Monday,13:00-15:00,124,12.8,63.8,17.8,0,Yes
2023-12-25,Monday,15:00-17:00,133,11.2,43.3,17.8,0,Yes
2023-12-25,Monday,17:00-19:00,89,7.0,57.4,17.8,0,Yes
2023-12-26,Tuesday,07:00-09:00,38,25.3,55.6,6.7,1.7,No
2023-12-26,Tuesday,09:00-11:00,67,17.3,67.4,6.7,1.7,No
2023-12-26,Tuesday,11:00-13:00,94,16.0,71.7,6.7,1.7,No
2023-12-26,Tuesday,13:00-15:00,77,15.2,61.9,6.7,1.7,No
2023-12-26,Tuesday,15:00-17:00,78,14.8,57.9,6.7,1.7,No
2023-12-26,Tuesday,17:00-19:00,48,19.4,69.5,6.7,1.7,No
2023-12-27,Wednesday,07:00-09:00,40,12.8,78.8,13.0,2.5,No
2023-12-27,Wednesday,09:00-11:00,112,13.4,55.6,13.0,2.5,No
2023-12-27,Wednesday,11:00-13:00,103,16.8,51.4,13.0,2.5,No
2023-12-27,Wednesday,13:00-15:00,52,17.4,58.7,13.0,2.5,No
2023-12-27,Wednesday,15:00-17:00,74,14.9,50.3,13.0,2.5,No
2023-12-27,Wednesday,17:00-19:00,42,18.9,80.4,13.0,2.5,No
2023-12-28,Thursday,07:00-09:00,39,14.3,52.0,7.6,5.3,No
2023-12-28,Thursday,09:00-11:00,59,21.2,59.6,7.6,5.3,No
2023-12-28,Thursday,11:00-13:00,94,16.1,57.0,7.6,5.3,No
2023-12-28,Thursday,13:00-15:00,58,7.5,51.3,7.6,5.3,No
2023-12-28,Thursday,15:00-17:00,71,12.4,73.9,7.6,5.3,No
2023-12-28,Thursday,17:00-19:00,42,6.7,68.3,7.6,5.3,No
2023-12-29,Friday,07:00-09:00,51,21.7,54.7,20.1,0,No
2023-12-29,Friday,09:00-11:00,108,18.9,75.6,20.1,0,No
2023-12-29,Friday,11:00-13:00,140,8.6,75.5,20.1,0,No
2023-12-29,Friday,13:00-15:00,80,15.7,73.5,20.1,0,No
2023-12-29,Friday,15:00-17:00,61,17.2,61.1,20.1,0,No
2023-12-29,Friday,17:00-19:00,62,10.0,61.6,20.1,0,No
2023-12-30,Saturday,07:00-09:00,55,15.3,68.3,9.9,3.0,No
2023-12-30,Saturday,09:00-11:00,85,16.0,69.1,9.9,3.0,No
2023-12-30,Saturday,11:00-13:00,134,17.7,60.1,9.9,3.0,No
2023-12-30,Saturday,13:00-15:00,102,17.1,57.3,9.9,3.0,No
2023-12-30,Saturday,15:00-17:00,121,6.9,58.0,9.9,3.0,No
2023-12-30,Saturday,17:00-19:00,53,13.1,59.7,9.9,3.0,No
2023-12-31,Sunday,07:00-09:00,53,12.4,70.5,14.6,1.2,No
2023-12-31,Sunday,09:00-11:00,123,10.0,64.8,14.6,1.2,No
2023-12-31,Sunday,11:00-13:00,131,15.4,59.9,14.6,1.2,No
2023-12-31,Sunday,13:00-15:00,121,13.9,66.7,14.6,1.2,No
2023-12-31,Sunday,15:00-17:00,111,19.2,52.2,14.6,1.2,No
2023-12-31,Sunday,17:00-19:00,72,14.4,64.0,14.6,1.2,No
2024-01-01,Monday,07:00-09:00,42,20.2,68.0,13.2,2.9,No
2024-01-01,Monday,09:00-11:00,101,11.1,60.0,13.2,2.9,No
2024-01-01,Monday,11:00-13:00,85,13.5,64.6,13.2,2.9,No
2024-01-01,Monday,13:00-15:00,69,6.6,68.3,13.2,2.9,No
2024-01-01,Monday,15:00-17:00,79,17.8,63.5,13.2,2.9,No
2024-01-01,Monday,17:00-19:00,53,17.9,54.0,13.2,2.9,No
